station,network,n_meas,skp_N_mm,skp_E_mm,skp_U_mm,skp_3D_mm,bias_N_mm,bias_E_mm,bias_U_mm,bias_3D_mm,mean_nsat,std_nsat,category
ALIC,IGS,39,9.048661370865219,11.668885464739285,19.652636295426724,17.441410694595316,-0.7743589743589745,-1.4025641025641027,9.138461538461538,19.433333333333334,22.41025641025641,5.641565426265959,Высокоточные (10-20 мм)
AJAC,IGS,39,24.7645596428645,27.494846284344455,19.336239950895227,38.6316954680589,8.697435897435899,4.4974358974358974,-15.66666666666667,24.2,22.384615384615383,2.2782193487040963,Средней точности (20-40 мм)
ANMG,IGS,39,15.226230563274413,31.293975051021036,27.632546477502018,39.31193704286368,-0.7076923076923076,7.976923076923076,-0.6358974358974356,21.99487179487179,19.897435897435898,2.573088169116225,Средней точности (20-40 мм)
AGGO,IGS,38,33.395762970065135,87.40489080130824,37.21433832866572,97.60426645759631,-5.936842105263158,14.157894736842106,0.4289473684210534,28.84736842105263,20.210526315789473,3.272802706143897,Пониженной точности (>40 мм)
ALAC,IGS,38,5.1742695555851075,10.893367812775336,12.97854011652265,11.237519709332602,-0.38684210526315777,3.831578947368421,-3.8421052631578956,14.563157894736841,23.05263157894737,1.9444636364741852,Высокоточные (10-20 мм)
ALBH,IGS,39,7.603156528954186,45.44605528118786,22.776008697744434,47.60724026065959,4.220512820512821,-3.3974358974358982,5.602564102564103,20.65897435897436,22.384615384615383,3.1255768698323143,Пониженной точности (>40 мм)
ALGO,IGS,38,11.667623377422784,18.983806830134707,8.51495588269314,21.55255659058403,3.68157894736842,8.631578947368421,-6.13421052631579,15.097368421052634,23.36842105263158,2.22298864608569,Средней точности (20-40 мм)
AMC4,IGS,37,4.185856709969466,29.079737638794843,9.482968770205705,27.508632824622158,0.31621621621621626,-5.067567567567568,7.667567567567568,16.589189189189188,20.81081081081081,2.1837510775655655,Средней точности (20-40 мм)
BAIE,IGS,37,34.97885697725749,63.083601758387346,84.72920005725503,100.9486105251923,8.98918918918919,10.659459459459457,-22.96486486486487,53.456756756756754,13.567567567567568,2.398385342736286,Пониженной точности (>40 мм)
ARHT,IGS,39,17.880243018995955,17.119878983516685,65.68441644791072,67.83801656319318,-1.8179487179487177,-8.864102564102565,-39.15128205128205,43.96666666666667,25.23076923076923,5.668293804653253,Пониженной точности (>40 мм)
ARUC,IGS,39,10.638974893034991,17.99705216527629,27.259201420406146,29.12948846985679,1.0102564102564104,-0.39230769230769247,-6.4743589743589745,19.13589743589744,23.846153846153847,2.401079379411438,Средней точности (20-40 мм)
AREG,IGS,39,6.454168327439283,29.148951550925776,21.813807547745864,27.840005099507806,-108.32820512820511,-323.1384615384615,89.48717948717947,353.1871794871795,24.58974358974359,3.864262363858611,Средней точности (20-40 мм)
AREQ,IGS,31,12.27604626204858,13.190630431590284,31.54958889018658,16.306276250612537,-109.07419354838709,-318.7161290322581,79.85483870967741,347.67419354838705,24.387096774193548,4.341101391389354,Высокоточные (10-20 мм)
BADG,IGS,37,16.260850847058105,7.689647305024832,10.090276442133717,16.9090563363597,7.202702702702706,4.064864864864864,-20.04864864864865,24.62162162162162,25.027027027027028,2.576458448750559,Высокоточные (10-20 мм)
ASCG,IGS,39,3.576822223702628,3.755046986090359,8.833265092802892,4.775181847156641,3.6948717948717964,3.274358974358975,2.7974358974358977,10.602564102564104,22.358974358974358,3.207615768819244,Экстра-прецизионные (<5 мм)
BAMF,IGS,39,5.068839206779352,26.768089599049198,13.398474644787651,26.530547921395193,7.171794871794874,-0.07948717948717873,-0.6333333333333332,16.22820512820513,21.666666666666668,3.0550504633038935,Средней точности (20-40 мм)
BELE,IGS,38,6.60695407167805,5.656119937322489,10.197307052538694,9.748332826059258,6.771052631578948,-0.35789473684210527,27.592105263157894,29.802631578947377,15.0,2.277979189805998,Прецизионные (5-10 мм)
BAKE,IGS,39,15.471156829960064,4.878617035957604,25.738506731062298,27.27992197661006,2.5410256410256404,3.1589743589743593,-6.292307692307692,15.282051282051285,26.307692307692307,2.8205434914293614,Средней точности (20-40 мм)
BOGI,IGS,36,28.829715022073465,28.425208323844668,44.39331960325592,58.4602202967356,12.619444444444444,7.6305555555555555,29.105555555555558,35.40833333333333,19.194444444444443,1.9974189694910132,Пониженной точности (>40 мм)
BOGT,IGS,38,16.281546029463254,33.77367195755362,16.64913634725629,36.814659396970335,4.113157894736842,2.655263157894736,-1.3631578947368415,18.563157894736843,22.605263157894736,2.3312155938678134,Средней точности (20-40 мм)
BIK0,IGS,39,13.56692861176822,18.0778168728414,17.909369602756858,24.87553985606954,-0.2717948717948721,-0.42051282051282046,-26.6025641025641,30.274358974358968,24.923076923076923,2.5275806550160445,Средней точности (20-40 мм)
BOAV,IGS,38,19.623315631117585,69.34558523824091,84.75717591527156,104.79592499787059,10.51842105263158,-12.08157894736842,-15.428947368421051,43.071052631578944,22.81578947368421,2.608253668208681,Пониженной точности (>40 мм)
BOR1,IGS,36,5.4901665340341514,5.8414582871604,12.43944187999262,10.395782111716546,4.508333333333334,2.327777777777778,0.583333333333333,11.583333333333332,24.444444444444443,2.0625150312102583,Высокоточные (10-20 мм)
BUCU,IGS,39,36.47252658757701,69.89375202548315,36.5316829567038,72.86554984062255,10.917948717948716,8.297435897435893,-14.133333333333335,50.71794871794872,21.871794871794872,1.8378976430391327,Пониженной точности (>40 мм)
BREW,IGS,38,3.218372754412428,8.796793997660105,9.554287502102433,11.13235931407093,2.9789473684210535,5.1421052631578945,3.578947368421053,10.076315789473684,23.263157894736842,2.8158260323865387,Высокоточные (10-20 мм)
BRAZ,IGS,37,4.704545434762825,6.869055169302319,10.681769291423365,7.318958064311282,0.005405405405405436,0.4675675675675677,5.037837837837838,12.32972972972973,18.64864864864865,2.4177149015848305,Прецизионные (5-10 мм)
CCJ2,IGS,39,8.614918172258507,12.036014333060635,22.797926782649437,20.50198272232612,1.505128205128205,1.6256410256410256,-9.707692307692307,20.223076923076924,17.28205128205128,2.7236654670220264,Средней точности (20-40 мм)
BRST,IGS,39,4.181588395749991,5.4327405023359985,11.083395685394812,8.413258285572665,2.48974358974359,2.482051282051282,-4.56923076923077,11.384615384615385,24.897435897435898,2.257092584847197,Прецизионные (5-10 мм)
CACE,IGS,36,8.625361276077491,14.634311443609892,34.12534167513117,31.829732905341775,-2.483333333333333,3.208333333333333,-8.33611111111111,22.669444444444448,22.52777777777778,2.5353062493075225,Средней точности (20-40 мм)
CEDU,IGS,35,9.35343104261252,13.195122602848436,42.937611962106175,40.957239845945665,-3.4257142857142857,-3.614285714285715,-6.502857142857144,21.954285714285714,21.0,5.363273802665024,Пониженной точности (>40 мм)
BRUX,IGS,37,13.61825969046695,9.68689015323498,31.53722620391078,34.581133654130035,6.954054054054055,3.4837837837837826,-14.794594594594596,18.82702702702702,26.864864864864863,2.5621406215437443,Средней точности (20-40 мм)
BSHM,IGS,39,6.299435529410852,5.070284683785407,5.451064351491603,6.161872885972899,3.0358974358974367,0.45641025641025634,-14.743589743589745,16.7974358974359,23.307692307692307,2.504247404057504,Прецизионные (5-10 мм)
CAS1,IGS,39,9.803744912276798,6.430394467639346,10.526056609494782,9.744094027720209,0.8025641025641028,-1.594871794871795,-16.494871794871795,20.6,23.743589743589745,4.848862854851145,Прецизионные (5-10 мм)
CKIS,IGS,38,5.897602401188433,8.857346204835771,14.007232687707004,11.056140200398499,5.413157894736842,-2.76578947368421,10.149999999999999,17.947368421052634,19.657894736842106,4.800204476441313,Высокоточные (10-20 мм)
CIBG,IGS,39,18.07526250735661,28.76682984489664,57.033613334002645,59.3042881796184,-5.4743589743589745,-3.5282051282051294,21.556410256410256,37.066666666666656,22.871794871794872,3.833230650505264,Пониженной точности (>40 мм)
CANT,IGS,32,4.328334068259013,11.97572814137533,17.736993189922433,16.092629737082706,2.51875,-2.5500000000000003,13.468749999999998,20.121874999999996,19.1875,3.020761493398643,Высокоточные (10-20 мм)
CMUM,IGS,39,2.401273278975945,7.204471733268552,15.129614541267781,13.18066510171686,6.561538461538461,1.5076923076923074,-17.5948717948718,21.51794871794872,17.358974358974358,2.9153602240833534,Высокоточные (10-20 мм)
CEBR,IGS,39,9.40495892397587,6.406121608436595,29.73896511117931,26.86149610519576,3.2794871794871794,5.128205128205128,-5.335897435897437,18.728205128205133,25.205128205128204,2.2381793256254556,Средней точности (20-40 мм)
CHPG,IGS,39,5.075595867906052,91.58022522259849,39.36757144543553,96.67563055837623,-0.41282051282051274,-26.984615384615378,4.210256410256411,36.66666666666667,17.28205128205128,3.478873970491616,Пониженной точности (>40 мм)
CHWK,IGS,39,10.96157871053529,20.01666343611517,24.675470398884144,30.9197670964861,3.48974358974359,3.5051282051282056,11.356410256410257,17.943589743589744,19.487179487179485,2.5840787309966395,Средней точности (20-40 мм)
COCO,IGS,39,30.960136966293604,56.35032555614387,56.34383036298659,74.35961049800024,13.130769230769234,30.27692307692308,-5.341025641025641,53.379487179487185,22.923076923076923,3.666237246354729,Пониженной точности (>40 мм)
CHPI,IGS,39,14.051296999509368,32.42786908906011,31.918575556986323,42.558229380334936,-2.1,-10.55897435897436,2.407692307692308,23.7974358974359,20.0,2.305599590927317,Пониженной точности (>40 мм)
CHUR,IGS,39,16.03375908822773,4.035988575142088,19.369367275777687,23.400977810406363,6.225641025641027,7.597435897435898,-10.884615384615385,17.694871794871798,25.17948717948718,2.891655825700042,Средней точности (20-40 мм)
DAE2,IGS,38,11.03358283665697,38.300540945264174,8.769034164074002,38.537451072108226,5.228947368421053,40.22105263157895,-18.48421052631579,46.5,16.94736842105263,2.6092078990753955,Средней точности (20-40 мм)
CUSV,IGS,31,2.426134586592027,4.801370772011112,12.066687459139693,10.338096370180526,12.870967741935484,0.3129032258064517,-15.619354838709679,21.80967741935484,21.29032258064516,2.2831783166906727,Высокоточные (10-20 мм)
DAEJ,IGS,37,7.456451144053964,23.605295379850045,18.143997344566596,18.678440623996003,-0.04594594594594602,30.505405405405398,-20.33783783783784,43.84054054054054,18.864864864864863,2.0434470082866536,Высокоточные (10-20 мм)
DARW,IGS,39,5.307550703190368,48.82704058242509,23.769291192180667,50.16906128134701,0.9128205128205128,6.456410256410257,4.797435897435897,22.705128205128208,22.128205128205128,5.3418875393563745,Пониженной точности (>40 мм)
CPVG,IGS,39,3.831994720215894,4.727047678740401,8.608263456127169,6.737973241324851,5.128205128205129,1.7769230769230766,-7.587179487179487,12.284615384615384,23.615384615384617,2.219712933258009,Прецизионные (5-10 мм)
CRO1,IGS,39,16.254292903315562,14.089771943303589,9.701613038384838,18.842293856820476,4.448717948717949,4.8871794871794885,7.523076923076923,17.217948717948723,21.05128205128205,1.82018966548917,Высокоточные (10-20 мм)
CORD,IGS,38,12.048987550650578,52.593740804728775,48.86178441090669,62.66582922298912,2.1026315789473684,-12.27105263157895,6.818421052631579,39.20789473684211,22.0,4.159001959280291,Пониженной точности (>40 мм)
CUIB,IGS,38,3.431923803893754,6.179354075079875,11.311082947248897,6.958634126370934,2.197368421052632,-1.8131578947368423,-1.4684210526315788,11.689473684210528,23.57894736842105,2.796054932640673,Прецизионные (5-10 мм)
CYNE,IGS,39,31.30607961375436,30.817289913696676,102.55961243376508,106.86538658612726,20.81282051282051,10.012820512820511,-25.8102564102564,46.861538461538466,21.58974358974359,2.988732777739445,Пониженной точности (>40 мм)
DGAR,IGS,38,12.183371651885443,35.22761468529146,21.72407678339953,35.398701364901505,3.4289473684210527,2.705263157894737,-1.344736842105263,24.728947368421053,23.36842105263158,2.7452273339780957,Средней точности (20-40 мм)
DUMG,IGS,32,22.211272022077207,7.349936909977198,36.16589004604451,41.45071974451963,-7.5562499999999995,-2.2812500000000004,-29.146874999999998,32.309375,24.84375,4.008936589751098,Пониженной точности (>40 мм)
DLF1,IGS,39,3.9860603937833137,4.368966439135096,8.355517300904953,5.278249617850608,3.7358974358974364,1.8051282051282047,-3.2820512820512824,10.146153846153844,25.564102564102566,2.489925720672594,Прецизионные (5-10 мм)
DJIG,IGS,39,5.912259958236374,22.53369856127046,20.339188887180185,28.82284504973674,1.8307692307692307,-0.8923076923076926,-9.194871794871798,14.53076923076923,27.384615384615383,2.1838568563966754,Средней точности (20-40 мм)
DRAO,IGS,39,2.6925548373165613,3.713239979734479,6.994376958803076,3.6327012289236618,1.8743589743589744,3.902564102564102,-1.2641025641025636,8.692307692307692,22.871794871794872,2.811437983623769,Экстра-прецизионные (<5 мм)
FAA1,IGS,39,13.340949916305274,10.975882652433928,26.17832029449742,22.565048869863435,2.4564102564102557,-4.0,19.376923076923074,29.32564102564103,19.28205128205128,4.382673528847299,Средней точности (20-40 мм)
DUBO,IGS,38,10.810472505375223,10.677374011875472,7.815637023097583,14.147920042757987,2.7736842105263158,-0.7263157894736838,-2.2526315789473683,10.147368421052633,22.342105263157894,2.7634322156046855,Высокоточные (10-20 мм)
DYNG,IGS,39,17.008849804143697,23.101570306091475,42.00500901947344,45.55628779460449,3.3461538461538463,-1.8461538461538456,-9.564102564102564,24.612820512820516,23.102564102564102,1.9707715800626735,Пониженной точности (>40 мм)
FTNA,IGS,12,18.57375143648268,131.85844223211038,98.47275119175215,139.05693732490235,1.5666666666666667,-6.18333333333333,59.849999999999994,105.05,17.333333333333332,3.7497474662443677,Пониженной точности (>40 мм)
FAIR,IGS,39,10.804823484273854,10.522276991717066,35.584257842588585,23.164641607042537,-45.900000000000006,40.210256410256406,-41.05128205128206,79.62051282051281,24.102564102564102,2.562840445111345,Средней точности (20-40 мм)
GAMG,IGS,39,3.2786348826389955,7.478385408167355,6.947062214656279,7.631612638950246,4.205128205128204,4.35128205128205,-18.387179487179488,20.71794871794872,20.974358974358974,2.070941554070966,Прецизионные (5-10 мм)
FALK,IGS,39,4.5002309132537395,5.157151134808874,9.090225504908803,9.220026024477251,-4.628205128205128,-4.156410256410256,-11.112820512820512,14.348717948717946,22.384615384615383,3.8771624500358013,Прецизионные (5-10 мм)
GAMB,IGS,39,15.828729496168922,22.59609648254125,30.276042425311655,34.346959155635105,1.6025641025641024,0.8897435897435901,-5.43846153846154,22.753846153846148,17.692307692307693,4.851227984280432,Средней точности (20-40 мм)
EUR2,IGS,39,4.263522584824554,2.9626213909429726,6.324063462479079,5.1580564710658665,-3.264102564102564,1.515384615384616,-7.720512820512819,10.584615384615384,27.307692307692307,2.1782881515665142,Прецизионные (5-10 мм)
FLIN,IGS,39,19.89794338988576,29.545384700237367,13.508233107013453,32.4663384277344,2.1641025641025644,4.384615384615383,-8.1025641025641,21.828205128205127,24.153846153846153,3.0995624609600485,Средней точности (20-40 мм)
FFMJ,IGS,39,9.364237682183267,11.98950283112906,12.15479001784349,15.296617868621269,1.0,-0.6153846153846153,-2.928205128205129,12.30769230769231,26.205128205128204,2.462128809100894,Высокоточные (10-20 мм)
GMSD,IGS,36,11.876246467580996,11.696287567307108,24.55535809372592,19.91741520808934,11.536111111111113,1.5500000000000003,-16.019444444444442,29.399999999999995,17.75,2.221646750884192,Высокоточные (10-20 мм)
FRDN,IGS,39,15.217380768808015,29.052728368279375,35.81024099784707,47.51091685047773,2.902564102564103,8.428205128205128,-13.592307692307694,19.074358974358976,23.076923076923077,2.1931066091711737,Пониженной точности (>40 мм)
GENO,IGS,39,2.886265115298571,4.654334969477075,7.843869504200104,6.6659699366019876,-1.0,4.392307692307693,-11.528205128205128,14.110256410256408,20.17948717948718,1.847783805874584,Прецизионные (5-10 мм)
GLSV,IGS,37,27.30864354031544,31.011132603394945,23.39714344361981,43.513683775057196,6.348648648648649,8.748648648648649,-6.191891891891893,22.535135135135135,22.56756756756757,2.4099393784507956,Пониженной точности (>40 мм)
GCGO,IGS,39,6.7618901125895885,18.9223881851335,36.845051598015964,29.175668786213066,-44.79999999999999,28.782051282051285,1.4179487179487178,61.03333333333334,23.71794871794872,2.438169265190995,Средней точности (20-40 мм)
GANP,IGS,35,6.663309799115721,17.98717330103161,6.496802057534915,18.19515587949143,2.817142857142858,3.857142857142858,-4.774285714285714,11.042857142857143,22.285714285714285,2.163486137905109,Высокоточные (10-20 мм)
GLPS,IGS,39,2.552652030470265,4.815479146067172,6.712042272735262,4.151621961629057,-0.476923076923077,2.38974358974359,-7.451282051282051,10.833333333333334,24.435897435897434,4.321274615781003,Экстра-прецизионные (<5 мм)
GODE,IGS,39,8.150239889500813,25.725098673365398,7.579298284348685,24.077165365503202,4.02051282051282,10.266666666666666,-11.128205128205128,21.110256410256408,23.05128205128205,2.5644196834937953,Средней точности (20-40 мм)
GODN,IGS,31,24.093074452197662,21.028737633334362,6.949987236005916,29.456939960354966,6.190322580645161,3.3774193548387093,-7.196774193548387,17.274193548387093,22.29032258064516,2.383184821299666,Средней точности (20-40 мм)
GODS,IGS,31,3.2340360615354657,22.428306807170244,20.370100374011706,27.978441008932624,5.903225806451612,-2.280645161290323,-12.096774193548388,18.08709677419355,23.35483870967742,2.168692188036747,Средней точности (20-40 мм)
GUAM,IGS,30,3.1884868316902404,8.87542131102946,20.703434386649448,14.78479375699173,-1.4900000000000002,-2.3000000000000003,-0.056666666666666324,17.223333333333333,20.066666666666666,3.6665621719697516,Высокоточные (10-20 мм)
HAL1,IGS,38,6.646720279161505,25.463779676064995,26.46959782126176,35.65453901265358,-0.20526315789473681,-5.439473684210526,12.134210526315789,17.192105263157895,22.263157894736842,3.8251246969698154,Средней точности (20-40 мм)
GRAS,IGS,34,20.254612159345097,52.30446687331743,34.52839798455293,59.05185257326917,-5.708823529411765,6.41764705882353,-12.905882352941175,32.61470588235294,22.705882352941178,2.5169656065444417,Пониженной точности (>40 мм)
GRAC,IGS,39,30.26093672538865,27.53614407954082,62.468580712613544,63.64952058723738,0.5307692307692309,-4.815384615384615,-7.48974358974359,39.543589743589735,22.28205128205128,2.1019880057336944,Пониженной точности (>40 мм)
GRAZ,IGS,39,48.78113200209901,86.09301156119534,40.109531715204,99.14032449321911,-7.5435897435897425,-13.761538461538457,-5.261538461538462,42.49743589743589,22.512820512820515,2.0631069425529684,Пониженной точности (>40 мм)
GOP6,IGS,39,4.033565311583168,4.938727127613515,6.768743158121807,5.238746695209858,1.6666666666666667,2.7282051282051274,-8.97948717948718,12.197435897435899,25.358974358974358,2.2062969629673423,Прецизионные (5-10 мм)
GOPE,IGS,37,3.75622806140006,4.438258457789286,7.230549138263346,5.323019306233497,2.272972972972973,1.027027027027027,-3.7162162162162162,8.713513513513512,23.81081081081081,2.307449744701783,Прецизионные (5-10 мм)
HKWS,IGS,39,15.398938305762167,22.947447736618365,24.189427319845304,28.863272779079786,-1.4487179487179482,-1.7871794871794875,-0.7282051282051284,22.520512820512824,20.28205128205128,2.3502375909986313,Средней точности (20-40 мм)
HERT,IGS,38,3.3080186211271605,7.68475796487195,7.057872938252556,5.503882633180808,1.3842105263157893,4.826315789473685,5.568421052631578,11.960526315789474,16.05263157894737,1.0640912484001377,Прецизионные (5-10 мм)
HKSL,IGS,39,3.02948622288151,6.681978704411428,9.32331108322874,8.958887956342851,2.2102564102564104,4.81025641025641,-13.85384615384615,16.72051282051282,20.128205128205128,2.515002220146422,Прецизионные (5-10 мм)
HOB2,IGS,37,28.997576009287645,15.440251499453186,32.06435884448819,41.84199669814632,-11.294594594594594,-9.94054054054054,-1.845945945945946,24.01891891891892,23.675675675675677,4.910612397055393,Пониженной точности (>40 мм)
HARB,IGS,39,3.49579851928703,13.785002314070185,12.497062542843022,14.863227091320079,-1.5692307692307697,1.1948717948717948,5.264102564102565,12.864102564102566,25.435897435897434,2.381893008720848,Высокоточные (10-20 мм)
IISC,IGS,31,11.166364624385645,17.554597473970126,74.55581224683256,74.3857591296232,4.464516129032258,3.9548387096774187,-28.62258064516129,36.012903225806454,19.806451612903224,2.4278846051478595,Пониженной точности (>40 мм)
HERS,IGS,38,3.7697540396162994,22.927311075922525,12.48784786258128,24.733426135920855,1.1236842105263156,6.905263157894737,-8.547368421052632,14.292105263157898,26.68421052631579,2.2910550285119706,Средней точности (20-40 мм)
HLFX,IGS,39,5.2169530561701825,7.165816099919654,21.87798547200108,22.193489398017586,1.3846153846153846,2.871794871794872,-12.117948717948718,14.853846153846154,23.435897435897434,2.3485143321153368,Средней точности (20-40 мм)
HRAO,IGS,31,14.785913086666362,25.914396712816746,54.539184690153434,56.11748812195963,2.6548387096774198,-9.893548387096773,-17.3,33.1225806451613,24.193548387096776,2.6257615382806527,Пониженной точности (>40 мм)
IENG,IGS,39,18.270101236454153,29.511123500409305,29.89102293936548,38.84685961598815,5.515384615384614,0.12051282051282124,-8.620512820512822,26.06923076923077,22.923076923076923,2.168975205320602,Средней точности (20-40 мм)
HOFN,IGS,38,3.679628475586894,5.798784024200005,9.153930977841373,4.526760167077755,0.5078947368421054,4.828947368421052,2.8473684210526313,11.792105263157895,25.07894736842105,1.8362944318377412,Экстра-прецизионные (<5 мм)
HOLB,IGS,39,23.227795834414344,52.38251438949053,29.471993842504645,61.629143341781365,-4.228205128205128,-8.653846153846152,10.000000000000002,23.19743589743589,24.692307692307693,3.1385032147744885,Пониженной точности (>40 мм)
JOG2,IGS,39,4.708766625232577,13.04776546140229,20.01147747591943,18.037267238877774,-0.32564102564102565,8.171794871794871,1.9846153846153847,18.22564102564103,22.743589743589745,3.884638767450102,Высокоточные (10-20 мм)
JCTW,IGS,28,9.914651656024908,8.584675499933207,54.09397760100853,45.78613673875879,4.342857142857143,-0.10357142857142863,-2.7285714285714313,31.492857142857137,14.535714285714286,1.5270921982678656,Пониженной точности (>40 мм)
IMPZ,IGS,37,4.972433015143602,5.523275891767184,11.790885037602987,7.811689477474927,2.386486486486487,3.218918918918919,6.005405405405406,13.502702702702702,20.783783783783782,2.9357483915721763,Прецизионные (5-10 мм)
KAT1,IGS,39,12.541821536339636,7.662570049081771,20.30110418940413,18.446531771933593,-4.853846153846154,-5.5769230769230775,-2.9205128205128204,18.53846153846154,23.0,6.074103789210821,Высокоточные (10-20 мм)
KARR,IGS,21,4.645156207327822,14.58048271459063,10.303233426823786,9.95099660000612,11.695238095238095,-5.804761904761904,11.547619047619047,23.06666666666667,23.095238095238095,3.858817978406884,Прецизионные (5-10 мм)
IQAL,IGS,38,3.9578612555709847,3.721263532183682,6.581367293205847,4.343917118422173,0.9578947368421051,1.5236842105263155,-2.9578947368421056,8.010526315789473,26.94736842105263,2.2172221288597918,Экстра-прецизионные (<5 мм)
JPLM,IGS,37,11.715093188208463,28.603662956595862,8.763793932086951,29.484419970910416,-1.3216216216216212,-6.713513513513513,3.962162162162162,14.88108108108108,21.054054054054053,3.008746009977006,Средней точности (20-40 мм)
JPRE,IGS,25,15.302926735323107,50.42759396732441,53.65968381072206,69.92122901284463,2.3040000000000003,9.284,39.199999999999996,48.592,21.28,2.7465129406819355,Пониженной точности (>40 мм)
JOZE,IGS,39,3.0474940480679287,4.028704362373367,7.857529461018217,3.811352811851752,6.174358974358975,2.948717948717949,3.623076923076924,11.420512820512819,23.82051282051282,2.5738747656095926,Экстра-прецизионные (<5 мм)
KIRI,IGS,38,27.853259690585237,40.23880184028798,28.256518023472232,51.880602407033045,-6.039473684210526,-1.486842105263157,-9.7,24.93421052631579,22.342105263157894,5.483519858874795,Пониженной точности (>40 мм)
KERG,IGS,39,22.10414925539984,17.13939043412692,19.9317854913827,31.30505643988609,-8.064102564102567,-0.9846153846153841,-10.884615384615385,19.476923076923075,20.17948717948718,2.0374364035511685,Средней точности (20-40 мм)
JOZ2,IGS,39,9.443252630471928,21.929558740629158,7.110265145924175,22.238064472228363,3.2153846153846155,5.115384615384614,-3.3307692307692314,13.05128205128205,23.923076923076923,2.156808258132414,Средней точности (20-40 мм)
KOKB,IGS,31,14.384238686167757,39.97361925769469,85.44883283145572,93.30674098894728,12.503225806451614,-10.890322580645158,35.23548387096774,43.648387096774194,21.032258064516128,3.198790093850506,Пониженной точности (>40 мм)
KIT3,IGS,39,3.5943669378919187,16.156304259991842,11.03344565749626,17.36586457282428,1.0000000000000002,-0.9256410256410252,-12.63076923076923,15.91282051282051,20.871794871794872,2.1297329605213196,Высокоточные (10-20 мм)
KOKV,IGS,30,7.0317964219351685,7.131184551212252,46.57965813232357,44.961007883332165,6.593333333333335,1.5,14.459999999999999,22.253333333333334,19.2,4.0462839486501005,Пониженной точности (>40 мм)
KIR0,IGS,39,23.40168454206252,10.509294132238129,26.4403882262469,33.20574881531758,7.143589743589744,1.9000000000000004,1.1461538461538456,17.46666666666666,25.76923076923077,2.600217991484342,Средней точности (20-40 мм)
KITG,IGS,39,3.9092747600798767,27.917956724880632,23.74919559686129,33.83334144379419,2.061538461538462,-13.807692307692307,-13.969230769230771,24.46410256410256,24.23076923076923,2.1208431598074444,Средней точности (20-40 мм)
KRGG,IGS,39,17.77360474526835,9.109825485587951,10.867545066043348,19.968521110929192,-6.471794871794871,2.128205128205128,1.3256410256410258,12.797435897435898,20.564102564102566,2.6437102297107873,Высокоточные (10-20 мм)
KIR8,IGS,39,2.8809603474565098,4.420152292489358,10.196586579230635,4.727124760573207,2.482051282051282,2.3256410256410254,-4.94102564102564,11.946153846153848,25.71794871794872,2.704272622786685,Экстра-прецизионные (<5 мм)
LAUT,IGS,37,5.584271132751711,14.525545479308908,14.347919981927967,13.160053647763446,0.9621621621621622,-5.927027027027027,3.4675675675675675,17.75135135135135,20.83783783783784,5.188199824353088,Высокоточные (10-20 мм)
KIRU,IGS,38,15.920897099036925,20.916238833539804,9.354508425380358,24.616706096900252,-1.1263157894736842,3.5526315789473673,-11.042105263157895,17.431578947368422,27.92105263157895,2.148306422194361,Средней точности (20-40 мм)
KOS1,IGS,39,7.31564607282829,16.503846114533417,25.62831967240086,28.028840217544154,2.5974358974358975,6.879487179487178,-4.076923076923076,16.21282051282051,26.58974358974359,2.5926814885258604,Средней точности (20-40 мм)
LAMA,IGS,20,2.226656686604381,72.76159267375235,38.05932903133987,77.29747119169927,4.13,-23.390000000000004,5.3100000000000005,36.43,20.7,1.6575187543592478,Пониженной точности (>40 мм)
KOUR,IGS,37,6.26311357006973,8.146022814090793,12.446837701551697,7.509678439871462,11.870270270270272,3.618918918918918,1.189189189189189,18.802702702702703,24.18918918918919,3.1432276213917247,Прецизионные (5-10 мм)
KOUG,IGS,39,25.13064594716971,19.512976408356835,96.72765305948842,99.54017119490739,16.643589743589743,7.517948717948717,-19.15384615384615,33.88974358974358,24.512820512820515,3.283706144874103,Пониженной точности (>40 мм)
LCK4,IGS,37,14.246302929081184,10.611405983041877,19.718145330006454,20.308983352319846,4.829729729729729,-3.5027027027027025,16.34054054054054,24.227027027027027,24.89189189189189,2.5252478842436195,Средней точности (20-40 мм)
MAJU,IGS,37,11.156476458405985,41.90801130346573,23.67816558615818,42.643564093055815,5.643243243243243,-10.256756756756756,-9.494594594594597,28.875675675675673,21.783783783783782,4.4104367076234015,Пониженной точности (>40 мм)
LMMF,IGS,39,5.890884790651922,8.395389455085697,13.586843183473773,8.121685870342327,2.4435897435897442,-2.8487179487179484,6.607692307692307,16.607692307692314,21.897435897435898,3.041769497087888,Прецизионные (5-10 мм)
LPAL,IGS,38,5.319403409366407,38.5123250671368,80.0645454855783,87.7713976375177,2.244736842105263,-3.3973684210526316,-18.186842105263157,23.65,21.394736842105264,2.686698704521265,Пониженной точности (>40 мм)
LEIJ,IGS,39,3.767022542991508,17.084187036369542,27.806178014291774,29.373501052863354,3.751282051282051,-1.8051282051282052,-1.1256410256410252,15.148717948717952,25.846153846153847,2.3568317441950204,Средней точности (20-40 мм)
M0SE,IGS,36,25.42067212778945,7.367060967684962,24.779362092561744,34.265264470106594,-4.816666666666666,6.21111111111111,-10.341666666666669,17.472222222222225,22.416666666666668,2.1563858652847827,Средней точности (20-40 мм)
LROC,IGS,39,22.65432842728356,20.364893318945665,32.66273014646483,41.197642681142945,-3.333333333333334,7.282051282051281,-22.935897435897438,29.705128205128208,22.307692307692307,1.9487357055800127,Пониженной точности (>40 мм)
MADR,IGS,38,3.685228674596501,3.7994758940808238,10.639922204765917,7.559320643533361,2.7736842105263158,4.142105263157895,-10.844736842105263,14.97894736842105,23.789473684210527,2.231929170832508,Прецизионные (5-10 мм)
LPGS,IGS,39,20.97186760327346,25.77958685695951,44.24352190738472,49.89522463418264,-6.384615384615383,-19.397435897435894,-8.984615384615388,32.484615384615374,18.102564102564102,3.1186609119846,Пониженной точности (>40 мм)
MATG,IGS,37,3.58551054745149,4.358699147481764,6.02919822457607,5.7614515813572815,2.8459459459459464,4.270270270270271,-14.964864864864861,16.889189189189192,21.10810810810811,1.577335724564681,Прецизионные (5-10 мм)
MALL,IGS,38,14.580456141020676,3.976188014135565,10.56865551402405,13.23465347606725,5.805263157894737,2.442105263157895,-13.602631578947369,19.65526315789474,21.68421052631579,1.8759540010192828,Высокоточные (10-20 мм)
MAT1,IGS,39,28.969164349889425,64.18482306177206,53.888895047557746,76.22839164187903,3.358974358974359,5.782051282051282,-19.77435897435898,49.33846153846154,20.794871794871796,1.5420336398045273,Пониженной точности (>40 мм)
MAL2,IGS,39,17.49936609609566,53.97291205935938,35.17314968608024,63.32232573565345,7.553846153846153,-7.028205128205127,-11.54871794871795,25.979487179487176,25.46153846153846,2.371388154937213,Пониженной точности (>40 мм)
MCHL,IGS,39,7.267614369480662,19.46481513757788,21.853224345734276,25.723869253918867,0.5384615384615385,-6.66923076923077,6.664102564102565,18.169230769230772,21.692307692307693,4.883666903992306,Средней точности (20-40 мм)
MATE,IGS,39,8.332605096385384,10.549711382611862,19.8968812616606,20.649727070113432,2.192307692307692,7.787179487179488,-13.987179487179487,20.166666666666664,20.94871794871795,1.669363540059472,Средней точности (20-40 мм)
MAS1,IGS,38,4.053704204914172,4.7668574867222295,6.38932976536977,5.574962444617046,0.32105263157894737,2.5368421052631582,-4.660526315789474,8.707894736842103,25.236842105263158,2.432151872550768,Прецизионные (5-10 мм)
MARS,IGS,39,18.029783052579333,22.110998051146716,8.514923788590599,22.920387944704657,2.2538461538461543,0.04615384615384556,-22.42307692307692,29.305128205128206,21.153846153846153,2.0588507465965407,Средней точности (20-40 мм)
MDVJ,IGS,37,31.615393768275656,38.98090373318525,85.08585409789085,90.68952770543815,-5.551351351351351,-7.3567567567567576,47.04864864864865,61.5891891891892,13.567567567567568,1.9081774396373994,Пониженной точности (>40 мм)
MBAR,IGS,37,5.322543985208058,16.16877064418146,12.235168750546695,18.65511346141476,4.167567567567568,1.5594594594594595,-10.08108108108108,14.52972972972973,27.972972972972972,2.4436594426129576,Высокоточные (10-20 мм)
MEDI,IGS,39,4.3058021928110835,5.966787293618523,10.300609889834876,6.612076425440834,1.917948717948718,2.253846153846153,-9.951282051282051,14.869230769230771,20.487179487179485,1.62013311460566,Прецизионные (5-10 мм)
MDO1,IGS,39,7.418983019379095,9.670913721036401,21.765664314464026,22.666198891735913,3.002564102564102,2.4974358974358974,-12.15128205128205,16.397435897435898,21.28205128205128,2.175808596805455,Средней точности (20-40 мм)
MCM4,IGS,38,23.81490218634316,32.801313594762675,34.95631789447635,49.04118192798084,2.055263157894736,7.063157894736843,-53.24473684210526,57.76315789473685,25.86842105263158,5.877906653625421,Пониженной точности (>40 мм)
MIZU,IGS,39,6.935180901970037,30.529498135577917,16.602376949637897,29.90477419356568,-671.1897435897437,1561.5974358974363,-30.194871794871794,1700.0974358974356,20.025641025641026,2.411454894840779,Средней точности (20-40 мм)
MELI,IGS,38,3.079547545788339,4.9136592211587615,9.981964176420675,8.128831080594681,3.4263157894736835,3.497368421052632,-15.03421052631579,17.76842105263158,21.973684210526315,1.7161686130426121,Прецизионные (5-10 мм)
MKEA,IGS,38,8.35505698606528,26.210455820341995,93.93591748193083,96.36407747051041,1.4710526315789476,-3.3105263157894735,35.444736842105264,39.439473684210526,22.710526315789473,3.8125531966999673,Пониженной точности (>40 мм)
MGUE,IGS,39,3.6672769704329315,7.944384108689407,7.364580404504588,8.097362993554919,-2.7282051282051287,-439.83076923076925,-6.892307692307692,439.9538461538462,22.46153846153846,4.523890697677654,Прецизионные (5-10 мм)
MOBS,IGS,39,6.479007937921447,14.062289614560592,8.821115477795571,12.318887115201804,-3.233333333333334,-6.7794871794871785,9.028205128205128,17.323076923076922,22.846153846153847,5.6871899523979215,Высокоточные (10-20 мм)
METG,IGS,39,11.966478144812843,14.487451408480736,6.31228265215538,17.115224339269872,1.1153846153846154,2.4179487179487182,-3.266666666666667,10.741025641025642,26.82051282051282,2.1505420965518987,Высокоточные (10-20 мм)
MET3,IGS,39,6.612236642340094,8.671100028745029,6.74259027501554,9.322445451906848,2.179487179487179,1.4307692307692308,-1.5897435897435896,9.187179487179487,27.153846153846153,2.3117373455165424,Прецизионные (5-10 мм)
MRO1,IGS,37,19.52274949252148,60.54822861147953,40.26343489059508,64.48333117946063,-10.805405405405404,-14.391891891891895,-5.4567567567567545,42.7,21.486486486486488,4.0043144899638605,Пониженной точности (>40 мм)
NAUR,IGS,39,11.477731182181362,17.468553971858867,28.19925487860454,30.691119746745013,0.48974358974359006,-5.658974358974359,9.23076923076923,20.02051282051282,23.28205128205128,4.946815658097204,Средней точности (20-40 мм)
NIUM,IGS,37,5.9366121115804225,14.405522693886677,25.120964708145028,19.555718885818056,9.967567567567567,-27.262162162162163,-4.613513513513515,36.63243243243243,20.83783783783784,5.367150669238409,Высокоточные (10-20 мм)
NNOR,IGS,39,5.182434257306988,5.076046523928874,9.349201615656945,7.2522768540749425,-2.402564102564102,0.48205128205128206,6.507692307692307,11.564102564102562,20.333333333333332,4.420843771173418,Прецизионные (5-10 мм)
NIST,IGS,31,14.626918034322735,55.53982567994915,20.960338378619667,55.55294578099559,0.7838709677419352,-11.609677419354838,5.161290322580646,28.16129032258064,19.483870967741936,1.9810934311121469,Пониженной точности (>40 мм)
NANO,IGS,39,2.787530069190228,4.0442158092108516,7.6710850965625745,5.39775531893869,2.338461538461539,4.81025641025641,5.615384615384616,10.605128205128205,24.307692307692307,3.2212603462966913,Прецизионные (5-10 мм)
NLIB,IGS,39,23.320807897061798,63.85308574144598,65.01968932561888,89.86898591215932,5.269230769230769,1.8769230769230767,-19.7,34.21025641025641,19.256410256410255,2.185092419073399,Пониженной точности (>40 мм)
NICO,IGS,39,21.69523570652491,71.8295514877865,26.78745325375039,70.30207676378375,-0.4128205128205122,-15.097435897435897,-15.415384615384617,42.843589743589746,22.794871794871796,2.226390602457226,Пониженной точности (>40 мм)
NOT1,IGS,39,4.619589515038039,5.7693358514946445,20.47981528256779,18.291031555317616,-2.0692307692307694,5.97179487179487,-13.292307692307695,18.764102564102565,20.94871794871795,1.8488790053024868,Высокоточные (10-20 мм)
NRMG,IGS,37,35.849193012390664,90.86626512704336,22.140152129927568,91.5675314061038,-12.437837837837836,16.727027027027027,-0.7756756756756757,45.16756756756756,22.054054054054053,5.763611647154866,Пониженной точности (>40 мм)
NAUS,IGS,38,4.040132949941198,5.312630887016199,5.8749928119565,6.0350517162356345,5.205263157894736,-1.2026315789473683,12.65,15.163157894736843,23.526315789473685,2.479503460593533,Прецизионные (5-10 мм)
NVSK,IGS,39,19.652787023391227,31.576196855024524,33.00215263089068,43.05361281296045,-4.217948717948718,-11.61025641025641,30.77179487179487,41.25641025641025,15.384615384615385,1.8864528760192487,Пониженной точности (>40 мм)
NKLG,IGS,39,2.977896530487384,4.203677459503258,8.123413786823665,4.8954218608493285,2.694871794871795,2.3743589743589744,-3.2589743589743594,9.51025641025641,25.564102564102566,2.233652564450761,Экстра-прецизионные (<5 мм)
NRC1,IGS,39,4.749137289366602,2.8910793972099174,11.32021825896035,10.661760216032976,1.1128205128205126,3.453846153846154,-9.705128205128203,12.305128205128206,22.256410256410255,3.4619582891308083,Высокоточные (10-20 мм)
OWMG,IGS,37,14.073460743445349,47.121062536136996,26.50343113375817,46.29883510556321,4.521621621621621,1.6864864864864861,-8.662162162162163,32.381081081081085,18.45945945945946,3.5792193018605065,Пониженной точности (>40 мм)
OUS2,IGS,38,13.458419184349943,25.680613540305913,22.41209491719872,26.788770178590987,-12.352631578947369,-27.947368421052627,-5.855263157894737,39.72631578947368,21.842105263157894,5.563035899673184,Средней точности (20-40 мм)
ORID,IGS,39,5.319024750036229,53.29200566451116,18.272458128174325,50.80946029098054,2.346153846153846,-7.894871794871798,-7.987179487179486,27.107692307692304,22.102564102564102,2.161808110122925,Пониженной точности (>40 мм)
OBE4,IGS,39,15.593022852334126,11.385305537675958,18.664703241640773,21.512994221583092,7.597435897435901,0.6461538461538459,-0.6205128205128205,17.605128205128203,23.666666666666668,2.1067976863543567,Средней точности (20-40 мм)
OHI3,IGS,31,7.167151771528843,15.549018570142094,12.908675085891591,14.667582571597258,-3.9838709677419355,0.3741935483870974,-23.445161290322577,28.325806451612905,23.451612903225808,4.938547085107923,Высокоточные (10-20 мм)
ONSA,IGS,37,21.606961396290334,19.161987286206948,19.527468141364665,31.608152909183577,4.375675675675675,-0.4864864864864869,-9.45135135135135,17.845945945945946,24.43243243243243,2.5225707846090986,Средней точности (20-40 мм)
NYA2,IGS,39,4.649715211919631,6.459901228860986,11.684621425948993,10.476737292282266,1.974358974358975,0.23846153846153828,-9.458974358974357,13.453846153846152,28.435897435897434,2.2454031614890075,Высокоточные (10-20 мм)
PENC,IGS,38,7.27035916120099,18.87165455548217,51.38497076464715,50.05517247605283,2.6842105263157894,-3.410526315789474,5.0210526315789465,23.960526315789473,14.394736842105264,2.047272063466216,Пониженной точности (>40 мм)
ONS1,IGS,39,5.0006936091106144,3.950213100044412,12.051915365103232,11.670840394743138,0.5205128205128206,4.105128205128206,-8.876923076923077,12.02051282051282,23.692307692307693,1.8659532085554074,Высокоточные (10-20 мм)
PERT,IGS,39,19.371920633789397,26.94991831464414,51.366740973830574,51.99761491467771,-8.735897435897437,-10.907692307692304,2.728205128205128,34.84102564102563,18.307692307692307,4.280640914591658,Пониженной точности (>40 мм)
PIMO,IGS,39,22.032498386592376,102.24676337558431,41.72532653549792,98.31658509215798,-2.94871794871795,-18.32051282051283,-16.723076923076928,59.67435897435898,18.564102564102566,3.507847381566318,Пониженной точности (>40 мм)
PGEN,IGS,11,2.7394425444870087,2.495122514754809,6.219178548504763,2.362202362203543,6.836363636363637,-1.3818181818181818,1.072727272727273,9.6,21.454545454545453,3.8304996113728125,Экстра-прецизионные (<5 мм)
POHN,IGS,38,8.345428301888585,18.167127747203597,22.234641637823774,18.34125095206122,6.763157894736841,-0.7078947368421056,-8.326315789473687,25.65,21.18421052631579,4.453090412820187,Высокоточные (10-20 мм)
PADO,IGS,38,14.047270329086547,22.083348515342305,32.09664903209704,37.45173252131062,3.252631578947368,-1.0631578947368423,-11.31578947368421,21.055263157894736,21.842105263157894,1.9799852004562064,Средней точности (20-40 мм)
POLV,IGS,38,22.684320099539644,47.026276665421875,34.47348507972414,55.22435251728224,-0.3999999999999994,11.210526315789474,-5.613157894736841,31.618421052631575,21.973684210526315,4.546973107257435,Пониженной точности (>40 мм)
PARC,IGS,25,5.269098594636468,7.7983288808137186,12.893053685350626,13.958715318156372,-8.056000000000001,-4.868,-20.48,23.763999999999996,23.8,2.9297326385411577,Высокоточные (10-20 мм)
POL2,IGS,31,5.831586220700365,6.82571986041789,13.8359132197212,15.337029475041104,3.8161290322580643,-1.8387096774193552,-17.112903225806452,18.62258064516129,24.548387096774192,2.4198995802501027,Высокоточные (10-20 мм)
PIE1,IGS,39,15.505904582547807,50.1140409318139,13.178423661516927,51.20806305648848,7.6538461538461515,-8.364102564102565,-5.138461538461538,21.21794871794872,20.46153846153846,2.3824595191364506,Пониженной точности (>40 мм)
PTAG,IGS,21,3.981283592965847,6.909768792217636,24.018693116979097,14.737910299632034,3.6476190476190484,-1.7904761904761908,-7.51904761904762,21.800000000000004,19.476190476190474,2.2275333357561142,Высокоточные (10-20 мм)
PICL,IGS,39,13.590682090171684,64.06052942724816,7.643269467390712,61.53874030807303,4.86153846153846,-10.441025641025638,-7.579487179487179,27.12307692307692,22.743589743589745,2.3920696689153247,Пониженной точности (>40 мм)
PTGG,IGS,38,10.820242080994442,8.493476703620018,24.78776025221882,22.006189643957075,2.6421052631578954,1.063157894736842,-5.778947368421052,18.771052631578943,21.736842105263158,3.176639483294867,Средней точности (20-40 мм)
POAL,IGS,37,5.2595658597486,4.164696831667306,11.19130266123007,7.913684122859365,-4.159459459459459,-0.25945945945945936,0.6405405405405404,11.083783783783783,20.62162162162162,3.302787975091409,Прецизионные (5-10 мм)
POTS,IGS,36,10.15038665304673,14.468938542259503,6.978556725301728,15.543245100491989,4.277777777777778,0.5805555555555552,-14.655555555555553,18.71944444444444,26.305555555555557,2.201550680049268,Высокоточные (10-20 мм)
PRDS,IGS,38,26.299547021611662,46.993222855110716,26.07678616454505,53.27022232035214,-7.663157894736841,-0.03947368421052584,9.75263157894737,29.626315789473683,22.0,1.9172051730776432,Пониженной точности (>40 мм)
POVE,IGS,35,3.57448474279449,5.038168601500238,8.527456397135198,5.666039180944656,3.02,2.0542857142857147,9.88857142857143,13.719999999999999,24.114285714285714,3.1321053675784034,Прецизионные (5-10 мм)
PTBB,IGS,38,9.995064215756601,27.550249964659493,26.42769746793342,34.699705870255144,1.0631578947368425,9.03157894736842,0.07105263157894746,20.65263157894737,23.94736842105263,2.104658519147242,Средней точности (20-40 мм)
QUIN,IGS,38,25.071951651231842,6.659905295803791,24.69133722001828,32.079422353731296,-4.131578947368422,-0.5842105263157895,4.405263157894737,16.834210526315793,20.157894736842106,2.842974420600327,Средней точности (20-40 мм)
QAQ1,IGS,38,11.042112907772424,4.340175872045336,7.679497838757201,10.536520515823517,-1.0342105263157897,-0.726315789473684,2.4131578947368424,9.689473684210526,24.63157894736842,2.4320056524603024,Высокоточные (10-20 мм)
RAEG,IGS,37,4.750476505259975,4.198777170764093,38.30232118041683,36.35698399599842,7.427027027027028,2.9837837837837844,-9.167567567567566,18.11621621621622,22.91891891891892,2.2407634906480025,Средней точности (20-40 мм)
RABT,IGS,30,13.213699352365811,20.96290785523627,18.642871430453354,25.40533046610404,2.276666666666667,-2.0833333333333326,-8.869999999999997,19.823333333333334,24.633333333333333,2.8705800607294463,Средней точности (20-40 мм)
REUN,IGS,38,18.082624693043698,6.59633125758129,47.21052423837317,46.135392698658805,4.076315789473684,-1.8763157894736842,15.92105263157895,27.05,21.605263157894736,2.56314285209147,Пониженной точности (>40 мм)
REDU,IGS,38,6.651388372593541,5.373061197188619,29.87691868768046,28.710922976295663,-2.2894736842105265,3.0684210526315785,-7.1,14.2578947368421,22.81578947368421,2.0776190004997432,Средней точности (20-40 мм)
RIGA,IGS,38,29.055731017798585,21.21388672645054,32.19611799929847,45.05187810951813,11.673684210526316,4.257894736842106,6.784210526315787,22.226315789473684,16.92105263157895,2.916695454711278,Пониженной точности (>40 мм)
RGDG,IGS,38,4.9969443009787415,12.793144723653421,11.136075767490484,13.55717989112354,-6.2026315789473685,0.8368421052631577,-10.460526315789474,16.57368421052632,23.842105263157894,4.352857500660071,Высокоточные (10-20 мм)
REYK,IGS,38,3.094955285930011,4.797658271835789,12.409502851612634,7.007723842776235,4.573684210526316,-4.2368421052631575,-4.878947368421054,14.021052631578947,25.394736842105264,2.007276946434412,Прецизионные (5-10 мм)
RIO2,IGS,36,24.272135045820335,18.367757075919744,19.516078027803168,29.973920277891526,-3.6055555555555556,-1.8916666666666666,-12.438888888888888,23.830555555555556,24.72222222222222,3.8664203534026598,Средней точности (20-40 мм)
ROAG,IGS,36,20.366884886992416,21.35862990522968,32.292298949262985,35.809531740753926,-3.5833333333333344,-0.6083333333333334,-7.7333333333333325,26.19722222222222,22.38888888888889,2.0740268324173874,Средней точности (20-40 мм)
SALU,IGS,37,5.896936396033016,7.655621695430328,13.881191500641343,9.07424497806412,2.105405405405406,7.491891891891892,18.259459459459464,24.359459459459462,19.243243243243242,2.6395012723935114,Прецизионные (5-10 мм)
SASK,IGS,37,2.7534662839004542,3.7907426356493437,8.15027680585218,5.313565561746554,1.6810810810810812,4.916216216216215,9.248648648648649,13.086486486486487,22.83783783783784,2.2049630069145976,Прецизионные (5-10 мм)
SANT,IGS,37,19.75511489626331,23.686935236558163,38.372481185249306,12.108384408044412,-23.93513513513513,-186.95135135135132,10.913513513513513,194.5621621621622,22.81081081081081,4.332293707583637,Высокоточные (10-20 мм)
SAVO,IGS,35,7.803938889104268,90.44217940278777,30.134356840405175,90.47508055636465,0.7971428571428572,17.85714285714286,-4.9628571428571435,35.74571428571429,19.4,3.0312102028921797,Пониженной точности (>40 мм)
SCH2,IGS,38,25.767731124083706,9.498831252505997,16.83449009916856,29.352756673340316,0.23947368421052556,3.0368421052631582,-2.0684210526315794,13.600000000000001,23.526315789473685,3.3990208614394692,Средней точности (20-40 мм)
SCRZ,IGS,36,6.694951307953853,6.391325346322129,13.154774315874343,9.338247005881627,3.8361111111111112,-3.3805555555555555,-0.9138888888888892,13.899999999999999,18.72222222222222,3.469138313028271,Прецизионные (5-10 мм)
SCOR,IGS,37,52.25430597082399,8.549219798271604,32.515274534871736,58.62225771069466,-1.4027027027027026,5.897297297297296,-4.6432432432432424,21.708108108108107,25.27027027027027,2.512730350398509,Пониженной точности (>40 мм)
SOLO,IGS,38,13.260246581514256,34.384588433829904,67.34789579696462,70.71039024614734,15.878947368421052,-10.51842105263158,20.834210526315793,40.82631578947368,22.763157894736842,4.845918932330561,Пониженной точности (>40 мм)
SEY2,IGS,38,8.98116410478609,16.75542161890627,55.235435571890804,51.49623810646818,3.163157894736842,6.226315789473684,-14.773684210526316,31.75526315789473,21.05263157894737,2.5568917830692737,Пониженной точности (>40 мм)
SFER,IGS,34,5.805299072933557,34.42562587052762,23.664857140031728,38.1116691137786,-5.21764705882353,-6.78529411764706,-9.038235294117648,21.735294117647054,22.205882352941178,1.719397564770798,Средней точности (20-40 мм)
SEYG,IGS,38,6.67271305941275,4.8920327424061485,13.215774928854078,7.55597838723323,-3.6236842105263154,-0.5868421052631579,7.5289473684210515,15.844736842105263,24.68421052631579,2.119475498068621,Прецизионные (5-10 мм)
STK2,IGS,35,6.223255383079284,17.41375000037701,38.34163062071646,8.575688717227901,-290.2142857142858,191.26857142857142,-14.577142857142857,350.2857142857143,16.6,3.743229181586716,Прецизионные (5-10 мм)
SPT0,IGS,38,3.0493895571750507,11.916821728707616,14.748751423876536,16.45569615630467,2.5473684210526315,2.426315789473684,-8.302631578947368,13.292105263157891,24.026315789473685,2.187023672992691,Высокоточные (10-20 мм)
SOFI,IGS,37,31.87247558160018,37.5103283074106,16.665442297369935,46.381198621699994,4.540540540540541,-14.283783783783782,-9.443243243243241,29.132432432432434,21.64864864864865,2.3120002909483697,Пониженной точности (>40 мм)
STR2,IGS,34,6.257336514009325,7.857179352648069,12.562254245518805,10.15262318692847,-1.6294117647058826,-5.344117647058824,5.264705882352941,14.499999999999998,21.91176470588235,5.3900449599453,Высокоточные (10-20 мм)
STR1,IGS,36,7.6380059518590935,7.444364545887278,10.075254536152125,9.50666391170734,-3.1527777777777777,-6.097222222222222,1.9805555555555552,13.136111111111111,22.5,6.286038952654184,Прецизионные (5-10 мм)
SOD3,IGS,38,11.699565650713822,3.978964067415868,28.025533978236552,27.697940030525125,2.9447368421052627,2.2026315789473685,-1.4842105263157892,13.492105263157896,28.026315789473685,2.187023672992691,Средней точности (20-40 мм)
STJ3,IGS,37,3.5510730941674686,7.00931276698832,18.332618741192153,18.4968486074901,1.8351351351351348,1.7810810810810809,-9.91891891891892,12.62162162162162,25.783783783783782,2.7802391497368943,Высокоточные (10-20 мм)
STJO,IGS,37,19.921783239646178,6.643731946291495,17.151054301810824,25.50268990111028,6.275675675675677,1.616216216216216,-11.045945945945945,15.705405405405406,25.43243243243243,2.577041160156574,Средней точности (20-40 мм)
SYDN,IGS,36,23.569255431330483,18.504148612487306,70.01647198485759,65.64537677600374,-8.886111111111113,-9.913888888888888,7.822222222222222,41.07777777777778,19.083333333333332,5.567122878368785,Пониженной точности (>40 мм)
STHL,IGS,35,2.769728318442658,4.735677211916178,8.211474857035798,6.430897058326305,2.1085714285714285,-1.542857142857143,-0.01428571428571415,7.834285714285715,25.428571428571427,2.570027629580414,Прецизионные (5-10 мм)
THTG,IGS,38,29.645091394904377,30.695081989163665,79.5622715669871,88.6001436923463,13.886842105263156,4.528947368421054,36.81842105263158,43.16842105263158,19.210526315789473,4.633356700071728,Пониженной точности (>40 мм)
SUTH,IGS,30,10.071731807846922,22.89985293332287,35.60964934447939,37.76185525955628,-2.543333333333333,-9.146666666666667,1.5666666666666653,23.356666666666673,25.366666666666667,2.8343135559308426,Средней точности (20-40 мм)
SVTL,IGS,38,28.622005704113676,51.768049058001914,68.62189500213624,80.51448510375042,5.339473684210526,4.713157894736843,0.13421052631579075,41.6342105263158,25.289473684210527,2.216740908641675,Пониженной точности (>40 мм)
SULP,IGS,18,7.33060778227265,9.052396497775668,15.807675805730739,18.400639375080548,4.8388888888888895,4.666666666666666,-12.244444444444444,15.433333333333334,22.333333333333332,1.8786728732554483,Высокоточные (10-20 мм)
SUTM,IGS,38,2.5113455218297274,3.900355602564725,6.621672249929828,5.104367359927424,-4.173684210526315,-3.242105263157895,-3.068421052631579,8.705263157894734,25.42105263157895,2.862918365011936,Прецизионные (5-10 мм)
TASH,IGS,38,3.919183588453085,4.778594399833735,8.735734968155507,9.575599101402604,4.8,1.473684210526316,-20.986842105263158,22.10789473684211,22.710526315789473,2.7004293426090413,Прецизионные (5-10 мм)
TOW2,IGS,38,15.313872140745495,126.11767498857354,73.70652698023363,142.46090866573292,-0.12105263157894719,15.844736842105263,18.93684210526316,43.03684210526316,22.94736842105263,5.023982314163723,Пониженной точности (>40 мм)
TWTF,IGS,38,14.83566020289495,34.86421955416341,38.43719017962543,41.932216266543584,-8.968421052631578,1.4605263157894735,4.460526315789473,35.02894736842105,18.763157894736842,2.8610545261183815,Пониженной точности (>40 мм)
TUVA,IGS,38,63.41020353071378,125.83277857937935,75.79000565592898,151.98176661246507,7.752631578947366,-26.23157894736843,14.213157894736845,58.22105263157895,22.13157894736842,5.551581477291338,Пониженной точности (>40 мм)
THU2,IGS,37,4.366475822801624,21.200561284994293,18.155821624450347,25.870675713283216,1.2000000000000004,2.3189189189189188,0.5054054054054057,11.537837837837836,25.35135135135135,1.9609552124781804,Средней точности (20-40 мм)
TLSG,IGS,38,2.7404054792332584,7.005679975587051,22.992353389050862,21.56914598034608,1.513157894736842,-0.08684210526315786,-0.10789473684210515,10.928947368421053,25.86842105263158,2.6115238652947954,Средней точности (20-40 мм)
TLSE,IGS,38,2.5646644139512227,3.7562579363257957,6.66745988642801,4.5743370047163046,0.30789473684210533,2.71578947368421,-3.0105263157894737,7.723684210526314,24.342105263157894,2.517788774489338,Экстра-прецизионные (<5 мм)
TIT2,IGS,36,9.822262937141788,17.595096719581527,33.85367802577758,37.6695669974819,2.402777777777778,2.166666666666667,-11.66388888888889,16.59722222222222,26.25,2.750324656160744,Средней точности (20-40 мм)
TOPL,IGS,37,7.3252627580500125,14.808433904863632,32.35518556635139,33.29990688874067,4.267567567567568,-3.7027027027027026,5.640540540540542,16.38108108108108,20.783783783783782,2.7802391497368943,Средней точности (20-40 мм)
UCLU,IGS,37,14.903856042143083,7.631639530397248,21.559119779008736,23.70779860541072,-2.170270270270271,1.2594594594594593,5.686486486486488,14.702702702702702,21.243243243243242,3.076843669569023,Средней точности (20-40 мм)
UNB3,IGS,28,30.36548008763209,20.53810338069683,24.93424023263665,38.665245424071784,2.2357142857142844,-2.5535714285714284,-2.867857142857142,21.775,22.571428571428573,2.150427544545183,Средней точности (20-40 мм)
UFPR,IGS,36,3.9104337436519834,4.433726262572891,8.59677495823519,6.624543110930098,-1.3222222222222222,-1.625,-0.0055555555555553285,8.233333333333334,19.63888888888889,3.181668724587127,Прецизионные (5-10 мм)
URUM,IGS,38,5.214955515072211,4.617402452180815,9.698969750687496,10.637388100682983,7.478947368421053,3.2499999999999996,-39.11578947368421,40.30526315789473,25.789473684210527,2.5696555110042882,Высокоточные (10-20 мм)
USN8,IGS,38,5.707273690035634,4.0114886578149624,7.865711912953701,6.246599074696567,2.5000000000000004,2.1342105263157896,-10.223684210526317,13.600000000000001,20.57894736842105,2.796054932640673,Прецизионные (5-10 мм)
UNSA,IGS,38,4.582843415343691,10.040997043203511,9.362552523653966,11.098469131808283,-1.1394736842105264,1.0,-10.013157894736842,13.657894736842104,21.86842105263158,4.014642474281061,Высокоточные (10-20 мм)
USN7,IGS,38,10.630548923386684,21.284132156375822,28.344618356192047,34.5739247571811,4.681578947368422,-3.4368421052631577,-16.186842105263157,21.56842105263158,20.763157894736842,2.675557133457525,Средней точности (20-40 мм)
VALD,IGS,38,42.004025750299974,19.550569072711315,42.41117544086653,51.81364709808172,-9.142105263157896,7.310526315789475,11.176315789473684,38.594736842105256,14.552631578947368,2.882354221916078,Пониженной точности (>40 мм)
UTQI,IGS,38,3.619058136078866,3.463916825272221,7.252303798384915,5.065965986838133,1.4157894736842103,-5.557894736842106,7.723684210526317,11.963157894736844,24.63157894736842,2.497794190465497,Прецизионные (5-10 мм)
VACS,IGS,38,10.83239701246044,21.377475316898597,32.70716618376474,35.900213865919746,0.8842105263157897,4.376315789473684,11.242105263157894,22.17105263157895,23.13157894736842,2.6728975332639653,Средней точности (20-40 мм)
MCIL,IGS,30,4.427683289299816,6.52204132066838,10.299739981094714,5.714466417504053,3.29,3.323333333333333,2.046666666666667,12.526666666666667,19.0,1.7811271131234425,Прецизионные (5-10 мм)
MRC1,IGS,28,2.3252325365877597,3.454289565470214,14.928196749810681,10.814178425865508,5.232142857142857,2.0214285714285714,-7.692857142857143,14.485714285714288,23.178571428571427,2.450299625345491,Высокоточные (10-20 мм)
NTUS,IGS,35,7.474131297713614,23.26444902066873,13.723061005524405,13.245837779747834,-36.20285714285714,-26.619999999999997,-6.022857142857142,51.46857142857143,20.457142857142856,2.790138697194072,Высокоточные (10-20 мм)
OAFA,IGS,19,24.824412621214307,79.24107528104291,23.075806930572895,70.5263345116498,13.357894736842107,-70.06315789473686,20.17894736842105,88.40526315789475,19.31578947368421,4.7498845784684,Пониженной точности (>40 мм)
PARK,IGS,16,5.1215720242909795,5.898951177963758,9.679936294556214,8.03848814558227,-0.11249999999999998,-8.21875,-7.3875,14.356250000000001,24.625,3.774917217635375,Прецизионные (5-10 мм)
STPM,IGS,35,3.800957420298782,3.3191499367339534,5.165553327231323,3.008497768576439,2.6514285714285712,5.497142857142856,-3.3000000000000003,9.479999999999999,24.17142857142857,2.5950826155466817,Экстра-прецизионные (<5 мм)
TID1,IGS,32,6.992668251404005,12.10506050870275,53.8569131753222,52.85558144528688,-2.4468750000000004,-3.890625,-16.2,23.990625,23.21875,6.142051643147978,Пониженной точности (>40 мм)
ULAB,IGS,35,4.3366679692628365,6.509710910205903,15.183337837878721,16.243485054713137,3.648571428571429,4.611428571428571,-23.348571428571432,24.591428571428573,23.6,3.3972307061175924,Высокоточные (10-20 мм)
WAB2,IGS,36,16.90064711825772,11.158877169435089,24.257127082276547,27.5903587657971,5.388888888888888,-1.5055555555555558,-10.375,19.21944444444444,16.5,1.52127765851133,Средней точности (20-40 мм)
VILL,IGS,36,3.0137607682518484,9.541965788615633,9.385352907927821,10.100207054297577,5.780555555555556,8.494444444444444,-3.5472222222222225,14.219444444444445,24.694444444444443,2.376304988175002,Высокоточные (10-20 мм)
VIS0,IGS,36,5.387151086186169,6.761437693459852,7.275115228455257,7.372201648276934,1.3444444444444443,3.8805555555555555,-4.411111111111111,10.391666666666667,24.694444444444443,2.3154073315749675,Прецизионные (5-10 мм)
WARN,IGS,36,3.5401674698078502,6.0110077595786136,9.740522459179372,8.466458565121583,2.3750000000000004,3.341666666666667,-2.8777777777777787,9.727777777777778,26.11111111111111,2.3637473611411153,Прецизионные (5-10 мм)
WUHN,IGS,34,4.456320992864389,15.5705870736521,62.78991802593868,57.96229804495683,0.038235294117647124,0.6500000000000004,10.32058823529412,30.45588235294118,4.235294117647059,0.6540699401677286,Пониженной точности (>40 мм)
WHIT,IGS,34,10.517121258794752,20.62243556141826,42.92612492906884,47.384674617346484,4.647058823529412,-2.3,15.214705882352945,19.655882352941173,26.0,2.6400183654090306,Пониженной точности (>40 мм)
WILL,IGS,35,2.6998039144483417,3.493266030955159,11.875371732350638,6.513279260302684,0.74,2.494285714285715,-1.128571428571428,11.088571428571429,25.085714285714285,3.3639212812660495,Прецизионные (5-10 мм)
WROC,IGS,35,3.9513171934211013,4.191654373460986,6.618756134887373,5.299345131573279,3.4057142857142857,3.765714285714286,-7.582857142857144,11.44,23.514285714285716,2.368561595908674,Прецизионные (5-10 мм)
WTZR,IGS,36,3.7503523643976253,34.6917116490792,27.238652945505848,40.42838337776671,1.6333333333333335,-2.6,-1.208333333333334,18.080555555555556,23.13888888888889,2.044543648386781,Пониженной точности (>40 мм)
WSRT,IGS,36,23.4196349584553,33.77482050285389,48.720064231589014,59.76617951890277,12.488888888888889,2.258333333333333,-22.73611111111111,33.958333333333336,24.194444444444443,2.2780874741068526,Пониженной точности (>40 мм)
WUH2,IGS,36,4.6851835016832,10.734440566965485,20.361057406975668,16.102572997594425,0.46388888888888896,3.158333333333333,-24.73611111111111,30.116666666666667,19.305555555555557,2.4936427106251546,Высокоточные (10-20 мм)
WTZZ,IGS,36,10.500026832921119,27.09385041220111,31.724391497285115,41.64555303152531,4.047222222222222,6.461111111111112,-13.011111111111111,18.463888888888892,25.63888888888889,2.244393367327035,Пониженной точности (>40 мм)
YEBE,IGS,33,7.114243608509068,7.938492242920509,15.532864718513334,15.509103509444596,1.2606060606060607,4.5181818181818185,-4.036363636363635,12.233333333333334,21.575757575757574,1.6961408960914595,Высокоточные (10-20 мм)
YAR2,IGS,35,9.041868067565492,17.569245953123446,9.687996558160226,16.51839412708799,-7.285714285714286,-0.25714285714285656,-3.7085714285714277,16.50285714285714,21.62857142857143,3.1256595942552132,Высокоточные (10-20 мм)
YAR3,IGS,36,8.207766357019953,25.172368953480692,36.48095687184911,37.563792407050705,-6.533333333333334,0.03888888888888923,4.041666666666668,25.74166666666667,23.11111111111111,3.948075681556977,Средней точности (20-40 мм)
YELL,IGS,36,42.259147126663784,9.018059482249871,66.21745322127023,74.84020750058193,12.88611111111111,6.644444444444444,-7.744444444444446,30.06388888888889,24.694444444444443,2.376304988175002,Пониженной точности (>40 мм)
YEL2,IGS,34,8.88382986977352,16.01129280621035,20.824300216355198,25.352054661887326,7.361764705882353,2.98235294117647,20.305882352941175,24.438235294117643,26.558823529411764,3.4217767533450547,Средней точности (20-40 мм)
YKRO,IGS,28,3.136514764467859,3.3404051967249235,9.535505912948352,4.337389737555266,6.792857142857143,1.785714285714286,-0.20714285714285727,11.803571428571429,26.071428571428573,1.9800593225039802,Экстра-прецизионные (<5 мм)
ZECK,IGS,36,10.295588514365893,15.056160475166578,24.963179869687064,27.104890907567057,2.55,-0.9944444444444442,-5.927777777777777,16.044444444444444,24.0,2.4842360136324753,Средней точности (20-40 мм)
ZAMB,IGS,20,3.8577979811231553,3.4224337293187936,12.746445324915202,7.978159331311296,-1.605,-0.33999999999999986,0.6150000000000001,11.055,26.85,2.9068883707497264,Прецизионные (5-10 мм)
ZIM2,IGS,36,4.88791431483883,5.905947365640358,7.035440893890629,6.123488475624913,3.047222222222223,6.275,-4.8500000000000005,11.894444444444444,24.86111111111111,2.451271131215427,Прецизионные (5-10 мм)
ZIM3,IGS,33,40.53272200371329,61.71830725771387,36.15503103220068,74.14684677289814,-4.730303030303029,-10.84848484848485,8.657575757575758,37.93636363636364,23.90909090909091,2.415621508582682,Пониженной точности (>40 мм)
BAKO,IGS,3,30.484094213212238,141.97043119372896,106.52112466548596,157.15474327341613,-19.6,-80.66666666666667,36.6,115.73333333333333,17.666666666666668,0.5773502691896258,Пониженной точности (>40 мм)
EBRE,IGS,5,0.41472882706655434,5.845938761225608,3.0479501308256336,1.9013153341831541,2.12,-2.3,-4.0,7.6,24.0,1.224744871391589,Экстра-прецизионные (<5 мм)
WIND,IGS,34,3.28893380314918,6.1185269917701275,7.992273452379579,7.335682454731042,-2.6558823529411764,-0.338235294117647,-8.758823529411764,11.844117647058825,26.470588235294116,2.7769101437612385,Прецизионные (5-10 мм)
YARR,IGS,34,7.55209654402926,13.891271192002849,26.106067072002908,23.37376475426838,-5.908823529411765,-4.752941176470587,1.8411764705882354,20.850000000000005,23.058823529411764,4.089463004464539,Средней точности (20-40 мм)
DAV1,IGS,19,28.706059225489486,35.17285054135758,18.043145172593892,38.103805584219536,11.83157894736842,-12.694736842105263,-24.02105263157895,41.99999999999999,24.05263157894737,5.115050604838478,Средней точности (20-40 мм)
MAC1,IGS,21,18.377285410191,15.818331740345409,23.234051365552734,26.29700689106218,-71.58095238095237,-1.7190476190476194,-25.628571428571426,78.74285714285715,22.142857142857142,5.985697238298261,Средней точности (20-40 мм)
MAW1,IGS,21,6.502267003936103,6.8886379882625075,10.029936143745834,11.303225414097726,0.20476190476190456,2.133333333333333,-20.21904761904762,21.69047619047619,23.80952380952381,5.325589616362189,Высокоточные (10-20 мм)
PNGM,IGS,9,24.533038947509134,145.42229119972558,84.6432513553207,146.08605150542076,4.100000000000001,-29.955555555555556,21.73333333333334,90.07777777777777,24.0,4.358898943540674,Пониженной точности (>40 мм)
ABPO,IGS,17,10.555894645396283,7.412424982261005,29.2586261789981,29.543754938774335,1.2235294117647066,-0.2176470588235295,-29.470588235294116,31.77058823529412,24.705882352941178,2.7102745682484124,Средней точности (20-40 мм)
CPNM,IGS,3,3.348631561299829,5.0806823688687075,7.563288526384096,0.2309401076758509,6.833333333333333,20.566666666666666,-6.5666666666666655,23.966666666666665,13.0,0.0,Экстра-прецизионные (<5 мм)
SGOC,IGS,15,13.886914018326065,50.78569633647798,24.453152489334922,52.42606857915885,-1.093333333333333,12.386666666666665,-9.533333333333333,28.753333333333334,25.466666666666665,2.8751811537130436,Пониженной точности (>40 мм)
VOIM,IGS,9,4.136121371526711,3.7060760920412847,23.762721738985295,16.365622845193244,0.7,6.866666666666666,-7.32222222222222,19.788888888888888,23.77777777777778,1.855921454276674,Высокоточные (10-20 мм)
