station,n_meas,r3d_mean,r3d_std,r3d_min,r3d_max,r3d_sem,dN_mean,dN_std,dE_mean,dE_std,dU_mean,dU_std,nsat_mean,nsat_std,nsat_min,nsat_max,duration_mean,duration_std,q_mean,skp_N,skp_E,skp_U,skp_3D,category
ABMF,22,0.015005,0.007123,0.005,0.0296,0.001519,0.009,0.005678,-0.002973,0.006652,-0.003214,0.010259,21.045455,2.935453,13,26,141.109091,49.945531,1.0,0.005678,0.006652,0.010259,0.007123,Высокоточные (5-8 мм)
AGGO,24,0.011712,0.007454,0.0033,0.0288,0.001522,-0.000196,0.004817,0.001204,0.005276,0.006638,0.010006,20.708333,2.896462,9,24,153.8375,40.222412,1.208333,0.004817,0.005276,0.010006,0.007454,Высокоточные (5-8 мм)
AJAC,24,0.014458,0.006346,0.0036,0.0282,0.001295,0.003071,0.002927,0.003996,0.004072,-0.012371,0.006847,22.375,1.929463,18,26,161.008333,39.59217,1.0,0.002927,0.004072,0.006847,0.006346,Высокоточные (5-8 мм)
ALAC,24,0.011642,0.005353,0.0034,0.0221,0.001093,0.000933,0.002506,0.005783,0.005302,-0.00775,0.006108,22.791667,1.933215,20,28,154.9625,34.752839,1.0,0.002506,0.005302,0.006108,0.005353,Высокоточные (5-8 мм)
ALBH,24,0.007688,0.003157,0.0021,0.0153,0.000644,0.00295,0.003067,-0.002571,0.003258,-0.000775,0.00592,22.125,3.207498,16,27,184.9,37.705091,1.0,0.003067,0.003258,0.00592,0.003157,Прецизионные (3-5 мм)
ALGO,24,0.011488,0.003991,0.0049,0.0219,0.000815,0.005429,0.00332,0.005071,0.004271,-0.004704,0.006586,23.583333,2.145099,19,26,183.1,42.384021,1.0,0.00332,0.004271,0.006586,0.003991,Прецизионные (3-5 мм)
ALIC,24,0.014788,0.005731,0.005,0.0264,0.00117,0.000208,0.004651,-0.002225,0.00691,0.011379,0.007198,23.458333,5.090308,13,29,161.733333,81.278451,1.208333,0.004651,0.00691,0.007198,0.005731,Высокоточные (5-8 мм)
AMC4,23,0.010365,0.005785,0.0029,0.0227,0.001206,0.0001,0.002422,0.001757,0.002885,0.008761,0.006938,21.043478,2.142179,15,25,193.456522,30.189204,1.0,0.002422,0.002885,0.006938,0.005785,Высокоточные (5-8 мм)
ANMG,24,0.013288,0.005805,0.0056,0.0296,0.001185,0.003,0.00453,0.004017,0.006214,0.001212,0.011442,20.291667,2.645409,14,24,174.495833,66.443912,1.0,0.00453,0.006214,0.011442,0.005805,Высокоточные (5-8 мм)
ARHT,25,0.027264,0.00756,0.0105,0.0435,0.001512,-0.001308,0.005159,-0.004828,0.002426,-0.024704,0.011758,25.32,5.305029,9,33,194.96,65.451553,1.2,0.005159,0.002426,0.011758,0.00756,Высокоточные (5-8 мм)
ARUC,23,0.01267,0.002331,0.0076,0.017,0.000486,0.001178,0.001985,0.003187,0.003909,-0.011265,0.003045,24.173913,1.613922,21,27,188.269565,31.077066,1.0,0.001985,0.003909,0.003045,0.002331,Экстра-прецизионные (< 3 мм)
ASCG,26,0.010488,0.004156,0.0037,0.0189,0.000815,0.004069,0.002444,0.003615,0.003873,0.002558,0.008534,22.461538,3.478284,15,28,176.438462,44.226671,1.0,0.002444,0.003873,0.008534,0.004156,Прецизионные (3-5 мм)
BADG,21,0.020124,0.006793,0.0096,0.0379,0.001482,0.002567,0.001604,0.001362,0.003261,-0.0195,0.007059,24.857143,2.286607,19,28,185.671429,31.775606,1.0,0.001604,0.003261,0.007059,0.006793,Высокоточные (5-8 мм)
BAIE,20,0.011855,0.006291,0.0014,0.0242,0.001407,0.00186,0.002383,0.00061,0.00572,0.009815,0.006595,14.1,2.100125,10,17,75.585,26.46798,1.0,0.002383,0.00572,0.006595,0.006291,Высокоточные (5-8 мм)
BAKE,26,0.00945,0.004517,0.0035,0.0194,0.000886,-0.001162,0.00236,0.004435,0.003118,-0.001142,0.008637,25.769231,2.746746,17,30,200.642308,51.020335,1.0,0.00236,0.003118,0.008637,0.004517,Прецизионные (3-5 мм)
BAMF,25,0.012088,0.003385,0.0058,0.0206,0.000677,0.00644,0.00288,0.004324,0.005059,0.000804,0.008163,21.32,3.210919,15,27,158.036,48.908834,1.0,0.00288,0.005059,0.008163,0.003385,Прецизионные (3-5 мм)
BELE,26,0.027962,0.009618,0.0112,0.0495,0.001886,0.005808,0.006921,-0.000658,0.005881,0.025569,0.010423,14.884615,2.286078,10,18,144.542308,40.762357,1.0,0.006921,0.005881,0.010423,0.009618,Средней точности (8-12 мм)
BIK0,23,0.023461,0.008421,0.0121,0.0443,0.001756,-0.0004,0.002682,-0.001257,0.003643,-0.022948,0.008533,25.347826,2.268534,19,29,199.173913,24.571014,1.0,0.002682,0.003643,0.008533,0.008421,Средней точности (8-12 мм)
BOAV,22,0.012441,0.003301,0.0072,0.0192,0.000704,0.006259,0.00349,0.002573,0.00469,0.007577,0.005572,23.181818,2.061815,19,26,198.277273,12.34442,1.0,0.00349,0.00469,0.005572,0.003301,Прецизионные (3-5 мм)
BOGI,22,0.017505,0.005702,0.0047,0.0305,0.001216,0.004768,0.003328,0.001086,0.00513,0.015586,0.006101,19.5,1.896111,15,22,132.636364,40.130615,1.0,0.003328,0.00513,0.006101,0.005702,Высокоточные (5-8 мм)
BOGT,23,0.009448,0.003115,0.0039,0.0158,0.00065,0.003783,0.002057,0.003926,0.004546,5.2e-05,0.006849,22.73913,2.300541,17,27,157.734783,37.441538,1.0,0.002057,0.004546,0.006849,0.003115,Прецизионные (3-5 мм)
BOR1,23,0.008035,0.003781,0.0024,0.018,0.000788,0.002978,0.003071,0.002974,0.00452,-0.001874,0.005436,24.391304,1.698639,21,28,190.534783,26.236054,1.0,0.003071,0.00452,0.005436,0.003781,Прецизионные (3-5 мм)
BRAZ,25,0.012104,0.006865,0.0026,0.0292,0.001373,0.000556,0.004941,0.000124,0.006662,0.003332,0.010904,18.52,2.55147,14,24,156.364,46.246143,1.0,0.004941,0.006662,0.010904,0.006865,Высокоточные (5-8 мм)
BREW,24,0.008358,0.003553,0.0024,0.0151,0.000725,0.002679,0.002812,0.003983,0.004491,0.001704,0.00553,23.083333,2.811725,17,29,181.629167,55.330198,1.0,0.002812,0.004491,0.00553,0.003553,Прецизионные (3-5 мм)
BRST,25,0.00984,0.005689,0.0012,0.0257,0.001138,0.001944,0.003533,0.00138,0.005388,-0.005276,0.007524,24.84,2.115026,20,28,189.152,39.674951,1.0,0.003533,0.005388,0.007524,0.005689,Высокоточные (5-8 мм)
BRUX,24,0.012004,0.005614,0.0032,0.0236,0.001146,0.004296,0.004701,0.001404,0.004323,-0.008583,0.006582,26.666667,2.258639,22,30,204.579167,19.97753,1.0,0.004701,0.004323,0.006582,0.005614,Высокоточные (5-8 мм)
BSHM,26,0.016223,0.005099,0.0106,0.0299,0.001,0.004138,0.003259,0.000546,0.004774,-0.014454,0.005593,23.269231,2.631466,15,26,182.892308,48.36951,1.192308,0.003259,0.004774,0.005593,0.005099,Высокоточные (5-8 мм)
BUCU,22,0.017482,0.01004,0.0025,0.0419,0.00214,0.000627,0.004887,-0.000391,0.006696,-0.010536,0.015332,22.136364,2.273982,16,25,137.781818,59.925991,1.454545,0.004887,0.006696,0.015332,0.01004,Средней точности (8-12 мм)
CACE,23,0.014304,0.008218,0.0048,0.0373,0.001714,9.1e-05,0.002432,0.004578,0.005059,-0.007817,0.012799,22.130435,2.801044,14,27,120.813043,38.346356,1.0,0.002432,0.005059,0.012799,0.008218,Средней точности (8-12 мм)
CANT,20,0.0146,0.006891,0.006,0.0263,0.001541,0.003155,0.003206,2.5e-05,0.004911,0.012595,0.007743,19.15,2.539685,14,24,122.13,35.752543,1.0,0.003206,0.004911,0.007743,0.006891,Высокоточные (5-8 мм)
CAS1,26,0.020112,0.006539,0.0092,0.0322,0.001282,0.002508,0.005804,-0.002342,0.004326,-0.016212,0.011209,24.423077,4.640458,9,30,177.161538,72.128203,1.192308,0.005804,0.004326,0.011209,0.006539,Высокоточные (5-8 мм)
CCJ2,24,0.015267,0.009327,0.0032,0.0335,0.001904,0.003696,0.004043,-0.000171,0.00622,-0.010775,0.011838,17.375,2.856153,13,22,105.091667,64.60819,2.041667,0.004043,0.00622,0.011838,0.009327,Средней точности (8-12 мм)
CEBR,25,0.013844,0.005827,0.0036,0.027,0.001165,0.002304,0.002399,0.005548,0.004857,-0.01094,0.006427,25.04,2.335951,20,29,186.032,23.752732,1.0,0.002399,0.004857,0.006427,0.005827,Высокоточные (5-8 мм)
CEDU,24,0.015304,0.010808,0.0026,0.042,0.002206,-0.001242,0.005323,-0.004192,0.010767,0.003354,0.013624,21.291667,5.025839,10,29,137.5,82.873161,1.208333,0.005323,0.010767,0.013624,0.010808,Средней точности (8-12 мм)
CHPG,23,0.010578,0.006891,0.0028,0.028,0.001437,7e-05,0.00353,-0.003483,0.005843,-0.002261,0.009998,17.73913,2.700461,9,21,138.434783,44.04488,1.217391,0.00353,0.005843,0.009998,0.006891,Высокоточные (5-8 мм)
CHPI,23,0.010461,0.004752,0.0034,0.0234,0.000991,0.001778,0.004167,-0.001583,0.006006,-0.001843,0.008622,20.347826,2.144945,17,24,198.530435,20.799988,1.0,0.004167,0.006006,0.008622,0.004752,Прецизионные (3-5 мм)
CHUR,26,0.01495,0.006848,0.0052,0.0319,0.001343,0.004173,0.002319,0.007488,0.003706,-0.008946,0.010017,25.038462,2.521599,20,30,201.546154,40.639166,1.0,0.002319,0.003706,0.010017,0.006848,Высокоточные (5-8 мм)
CHWK,24,0.009196,0.003769,0.0018,0.0174,0.000769,0.002342,0.002528,0.002021,0.003941,0.006988,0.004471,19.375,2.42832,16,27,175.0,33.821077,1.0,0.002528,0.003941,0.004471,0.003769,Прецизионные (3-5 мм)
CIBG,22,0.01365,0.00949,0.0033,0.0421,0.002023,0.000245,0.005614,-0.002332,0.008221,0.003164,0.013056,23.818182,3.672762,16,29,174.25,64.549219,1.0,0.005614,0.008221,0.013056,0.00949,Средней точности (8-12 мм)
CKIS,24,0.015354,0.007515,0.0036,0.0328,0.001534,0.004812,0.005497,-0.000425,0.007804,0.007354,0.01143,19.583333,4.871538,5,25,147.466667,80.701305,1.833333,0.005497,0.007804,0.01143,0.007515,Высокоточные (5-8 мм)
CMUM,26,0.020096,0.00834,0.0079,0.0385,0.001636,0.0068,0.002592,0.000504,0.007023,-0.015423,0.01181,17.384615,2.786782,10,22,75.861538,50.613058,1.192308,0.002592,0.007023,0.01181,0.00834,Средней точности (8-12 мм)
COCO,23,0.02963,0.008348,0.02,0.0519,0.001741,0.018365,0.007328,0.015322,0.005242,0.002461,0.01741,23.391304,3.689532,14,31,180.643478,68.246344,1.0,0.007328,0.005242,0.01741,0.008348,Средней точности (8-12 мм)
CORD,23,0.023961,0.004295,0.0154,0.032,0.000895,0.00063,0.004105,-0.022948,0.004157,0.000813,0.005737,22.173913,3.713026,8,27,173.017391,54.084947,1.434783,0.004105,0.004157,0.005737,0.004295,Прецизионные (3-5 мм)
CPVG,26,0.011838,0.005926,0.0037,0.0257,0.001162,0.005185,0.004227,0.00215,0.005053,-0.006304,0.007973,23.461538,2.249102,19,27,168.907692,43.824239,1.0,0.004227,0.005053,0.007973,0.005926,Высокоточные (5-8 мм)
CRO1,26,0.013181,0.006219,0.001,0.0266,0.00122,0.007777,0.003816,0.001885,0.005118,0.005869,0.008742,21.192308,1.855138,17,26,155.992308,47.20638,1.0,0.003816,0.005118,0.008742,0.006219,Высокоточные (5-8 мм)
CUIB,23,0.009457,0.002057,0.0056,0.0129,0.000429,0.002974,0.002475,-0.001826,0.00495,-5.7e-05,0.007359,23.869565,2.436547,17,28,197.13913,29.063563,1.0,0.002475,0.00495,0.007359,0.002057,Экстра-прецизионные (< 3 мм)
CUSV,20,0.018025,0.006604,0.0097,0.0365,0.001477,0.01231,0.002035,0.000245,0.003456,-0.01124,0.008725,21.9,2.38195,19,26,160.345,52.271674,1.0,0.002035,0.003456,0.008725,0.006604,Высокоточные (5-8 мм)
CYNE,24,0.019492,0.00771,0.0064,0.0398,0.001574,0.013496,0.007412,0.004712,0.007456,0.00115,0.011448,22.166667,2.565095,15,26,187.133333,41.037593,1.0,0.007412,0.007456,0.011448,0.00771,Высокоточные (5-8 мм)
DARW,25,0.013148,0.006201,0.0031,0.0263,0.00124,0.001812,0.004064,-0.002612,0.007396,0.003172,0.011216,22.92,5.227491,13,30,173.436,81.07847,1.2,0.004064,0.007396,0.011216,0.006201,Высокоточные (5-8 мм)
DGAR,23,0.014765,0.004789,0.0073,0.0248,0.000999,0.001404,0.00354,0.010709,0.004886,-0.0014,0.009501,23.478261,2.842367,17,27,192.073913,51.477305,1.0,0.00354,0.004886,0.009501,0.004789,Прецизионные (3-5 мм)
DJIG,24,0.007954,0.00412,0.0025,0.0163,0.000841,0.002358,0.001736,-0.001588,0.003629,-0.004767,0.005866,27.625,1.582857,24,31,217.2,24.422833,1.0,0.001736,0.003629,0.005866,0.00412,Прецизионные (3-5 мм)
DLF1,26,0.008862,0.00422,0.0021,0.0171,0.000828,0.003727,0.003509,0.001369,0.004245,-0.003215,0.006482,25.384615,2.246365,19,29,194.673077,41.861472,1.0,0.003509,0.004245,0.006482,0.00422,Прецизионные (3-5 мм)
DRAO,23,0.007739,0.002277,0.0035,0.014,0.000475,0.00167,0.003062,0.003461,0.003656,-0.00177,0.005153,22.304348,3.021661,15,27,183.852174,50.153835,1.0,0.003062,0.003656,0.005153,0.002277,Экстра-прецизионные (< 3 мм)
DUBO,23,0.0076,0.003095,0.0026,0.0144,0.000645,0.001409,0.002985,0.000691,0.003024,-0.000735,0.006981,22.391304,2.709229,18,28,189.217391,41.365056,1.0,0.002985,0.003024,0.006981,0.003095,Прецизионные (3-5 мм)
DUMG,20,0.0213,0.005013,0.0126,0.0288,0.001121,-0.00218,0.004378,-0.00311,0.005884,-0.019245,0.006631,25.6,3.152276,20,30,177.275,69.987148,1.0,0.004378,0.005884,0.006631,0.005013,Высокоточные (5-8 мм)
DYNG,24,0.013558,0.006194,0.003,0.027,0.001264,0.001438,0.002593,0.000175,0.005032,-0.011896,0.006914,23.625,1.279011,21,27,189.220833,39.780856,1.208333,0.002593,0.005032,0.006914,0.006194,Высокоточные (5-8 мм)
EBRE,3,0.008167,0.002454,0.0067,0.011,0.001417,0.002,0.000529,-0.003067,0.006212,-0.004733,0.00365,23.666667,1.527525,22,25,202.6,17.013818,1.0,0.000529,0.006212,0.00365,0.002454,Экстра-прецизионные (< 3 мм)
EUR2,26,0.009815,0.004553,0.0014,0.0193,0.000893,-0.003377,0.00306,0.001496,0.003486,-0.007185,0.005607,27.384615,2.041116,23,31,217.761538,39.582098,1.0,0.00306,0.003486,0.005607,0.004553,Прецизионные (3-5 мм)
FALK,24,0.011683,0.004748,0.0042,0.0236,0.000969,-0.003796,0.003412,-0.002904,0.00377,-0.008808,0.005832,23.291667,2.031901,19,27,184.470833,20.527531,1.0,0.003412,0.00377,0.005832,0.004748,Прецизионные (3-5 мм)
FFMJ,25,0.008324,0.00288,0.0041,0.0146,0.000576,0.00132,0.003949,0.000624,0.00408,-0.00448,0.00499,26.12,2.06801,22,30,205.268,34.507423,1.0,0.003949,0.00408,0.00499,0.00288,Экстра-прецизионные (< 3 мм)
FLIN,26,0.015923,0.005207,0.0063,0.0267,0.001021,4.2e-05,0.004195,0.009381,0.003528,-0.006781,0.011021,24.0,2.8,19,30,198.911538,40.345818,1.0,0.004195,0.003528,0.011021,0.005207,Высокоточные (5-8 мм)
FRDN,25,0.009564,0.003742,0.0027,0.0183,0.000748,0.001596,0.002923,0.001848,0.003967,-0.006604,0.005725,23.6,2.198484,20,28,189.32,28.162105,1.0,0.002923,0.003967,0.005725,0.003742,Прецизионные (3-5 мм)
GAMB,24,0.014175,0.006614,0.0023,0.0282,0.00135,-0.001729,0.004776,-0.00445,0.005245,-0.008375,0.010323,18.25,3.802173,11,25,127.483333,63.88486,1.416667,0.004776,0.005245,0.010323,0.006614,Высокоточные (5-8 мм)
GAMG,25,0.018696,0.005882,0.0081,0.0331,0.001176,0.003848,0.003228,0.002372,0.005241,-0.017012,0.006221,21.04,1.903506,18,25,166.752,53.603771,1.0,0.003228,0.005241,0.006221,0.005882,Высокоточные (5-8 мм)
GANP,21,0.006938,0.002385,0.0016,0.0102,0.000521,0.001786,0.002926,0.000481,0.003484,-0.00291,0.004828,22.857143,1.621287,20,25,201.290476,22.263982,1.0,0.002926,0.003484,0.004828,0.002385,Экстра-прецизионные (< 3 мм)
GENO,26,0.014073,0.006164,0.0027,0.0266,0.001209,-0.000842,0.002929,0.004119,0.005029,-0.0112,0.00781,20.461538,1.88108,17,24,119.807692,41.825274,1.192308,0.002929,0.005029,0.00781,0.006164,Высокоточные (5-8 мм)
GLPS,26,0.010369,0.003683,0.0038,0.0174,0.000722,-0.000777,0.00259,0.002358,0.005094,-0.006454,0.006564,24.653846,4.019376,10,30,173.503846,56.3411,1.192308,0.00259,0.005094,0.006564,0.003683,Прецизионные (3-5 мм)
GLSV,21,0.007967,0.002842,0.0029,0.0127,0.00062,-0.000486,0.003532,0.002924,0.003779,-0.000681,0.00619,23.333333,1.65328,20,26,121.266667,38.32073,1.0,0.003532,0.003779,0.00619,0.002842,Экстра-прецизионные (< 3 мм)
GMSD,21,0.02191,0.005002,0.011,0.0329,0.001092,0.01311,0.002729,-0.003662,0.00491,-0.014281,0.009388,17.904762,2.256208,12,20,121.938095,57.548106,1.238095,0.002729,0.00491,0.009388,0.005002,Высокоточные (5-8 мм)
GODE,25,0.01456,0.005277,0.0058,0.026,0.001055,0.00552,0.002471,0.003032,0.003268,-0.01058,0.008604,23.36,2.497999,18,27,178.616,41.649997,1.0,0.002471,0.003268,0.008604,0.005277,Высокоточные (5-8 мм)
GODN,21,0.0104,0.004449,0.0039,0.0206,0.000971,0.003529,0.002274,0.000324,0.004501,-0.006267,0.007305,22.952381,1.986862,18,26,199.019048,29.513736,1.0,0.002274,0.004501,0.007305,0.004449,Прецизионные (3-5 мм)
GODS,22,0.012686,0.005721,0.0051,0.0238,0.00122,0.005364,0.002951,0.001536,0.003766,-0.007759,0.009099,23.727273,2.05129,19,26,192.222727,43.11864,1.0,0.002951,0.003766,0.009099,0.005721,Высокоточные (5-8 мм)
GOP6,27,0.011533,0.005092,0.0029,0.0201,0.00098,0.001163,0.004194,0.001915,0.005121,-0.007919,0.00703,25.074074,2.319249,19,29,178.333333,55.505142,1.185185,0.004194,0.005121,0.00703,0.005092,Высокоточные (5-8 мм)
GOPE,25,0.00778,0.004167,0.0015,0.018,0.000833,0.002028,0.003191,0.001004,0.004251,-0.003932,0.005572,23.88,2.06801,18,28,197.608,41.966821,1.0,0.003191,0.004251,0.005572,0.004167,Прецизионные (3-5 мм)
GRAC,22,0.011109,0.009847,0.0024,0.0328,0.002099,-0.000355,0.003034,0.002214,0.005278,0.002509,0.013305,22.136364,1.958995,18,26,159.736364,48.557345,1.0,0.003034,0.005278,0.013305,0.009847,Средней точности (8-12 мм)
GRAS,21,0.012348,0.004927,0.0059,0.0225,0.001075,0.000462,0.003363,0.003405,0.00453,-0.010167,0.00564,22.380952,2.355338,18,26,151.57619,49.782586,1.238095,0.003363,0.00453,0.00564,0.004927,Прецизионные (3-5 мм)
GRAZ,22,0.008882,0.004528,0.0017,0.022,0.000965,0.001018,0.003018,0.002586,0.003772,-0.00585,0.005967,22.863636,1.612317,20,26,163.031818,38.106072,1.0,0.003018,0.003772,0.005967,0.004528,Прецизионные (3-5 мм)
GUAM,21,0.01441,0.009579,0.0034,0.0312,0.00209,-0.001019,0.003223,-0.002281,0.009476,0.002505,0.014027,20.047619,3.412861,14,25,154.97619,85.298475,1.0,0.003223,0.009476,0.014027,0.009579,Средней точности (8-12 мм)
HAL1,23,0.008548,0.005456,0.001,0.0225,0.001138,0.001539,0.003327,-0.001622,0.006314,0.005165,0.00471,22.695652,3.469802,14,27,153.269565,60.67647,1.217391,0.003327,0.006314,0.00471,0.005456,Высокоточные (5-8 мм)
HARB,25,0.010024,0.004929,0.0021,0.0186,0.000986,-0.001284,0.003714,-0.000304,0.003339,0.007112,0.007022,25.6,2.43242,20,31,196.54,51.667156,1.0,0.003714,0.003339,0.007022,0.004929,Прецизионные (3-5 мм)
HERS,24,0.008988,0.004835,0.0013,0.0188,0.000987,0.001321,0.003228,0.001767,0.004892,-0.005379,0.006166,26.416667,2.244155,20,30,196.5125,28.774933,1.0,0.003228,0.004892,0.006166,0.004835,Прецизионные (3-5 мм)
HERT,25,0.011052,0.004117,0.0041,0.0198,0.000823,0.001464,0.003275,0.003328,0.005757,0.006552,0.00649,16.12,1.053565,14,19,92.0,26.74084,1.0,0.003275,0.005757,0.00649,0.004117,Прецизионные (3-5 мм)
HKSL,26,0.014804,0.008152,0.0019,0.0328,0.001599,0.001773,0.002407,0.003846,0.005845,-0.011769,0.00954,20.423077,2.248076,15,23,143.226923,57.999969,1.0,0.002407,0.005845,0.00954,0.008152,Средней точности (8-12 мм)
HKWS,22,0.011159,0.005026,0.0037,0.0246,0.001072,0.004045,0.002651,0.002141,0.005195,-0.006695,0.007296,20.727273,2.229282,16,24,153.354545,56.068918,1.0,0.002651,0.005195,0.007296,0.005026,Высокоточные (5-8 мм)
HLFX,26,0.012062,0.005184,0.0038,0.0253,0.001017,0.001069,0.00324,0.003638,0.004512,-0.009338,0.006435,23.961538,2.271225,18,28,178.480769,38.722046,1.0,0.00324,0.004512,0.006435,0.005184,Высокоточные (5-8 мм)
HOB2,23,0.012304,0.005881,0.006,0.0286,0.001226,-0.004035,0.004446,-0.007087,0.005347,0.004613,0.007262,24.478261,4.746957,15,30,173.995652,71.513002,1.0,0.004446,0.005347,0.007262,0.005881,Высокоточные (5-8 мм)
HOFN,25,0.011512,0.004488,0.0052,0.022,0.000898,0.000272,0.003777,0.004548,0.00534,0.002012,0.00947,25.4,1.936492,20,29,200.584,35.14152,1.0,0.003777,0.00534,0.00947,0.004488,Прецизионные (3-5 мм)
HOLB,24,0.008733,0.002788,0.0046,0.0133,0.000569,0.002154,0.003392,0.0036,0.004292,0.004546,0.004191,24.416667,3.308969,17,29,188.375,45.682194,1.0,0.003392,0.004292,0.004191,0.002788,Экстра-прецизионные (< 3 мм)
HRAO,19,0.009116,0.002852,0.0036,0.0139,0.000654,0.004274,0.002976,-0.002332,0.003794,0.004758,0.00489,24.842105,2.500292,17,29,181.889474,36.420078,1.0,0.002976,0.003794,0.00489,0.002852,Экстра-прецизионные (< 3 мм)
IENG,21,0.012305,0.003275,0.006,0.0188,0.000715,0.001152,0.00332,0.004076,0.005991,-0.008748,0.004831,22.333333,2.309401,17,27,124.180952,53.357292,1.0,0.00332,0.005991,0.004831,0.003275,Прецизионные (3-5 мм)
IISC,20,0.017905,0.007971,0.0061,0.0351,0.001782,0.000445,0.00228,-0.001025,0.004551,-0.01724,0.007821,20.2,2.397367,16,24,111.61,40.915367,1.25,0.00228,0.004551,0.007821,0.007971,Высокоточные (5-8 мм)
IMPZ,24,0.012225,0.006002,0.0037,0.0277,0.001225,0.002433,0.003756,0.002896,0.0057,0.005667,0.009824,21.0,2.919202,13,26,187.691667,30.657163,1.0,0.003756,0.0057,0.009824,0.006002,Высокоточные (5-8 мм)
IQAL,22,0.007068,0.002328,0.0027,0.0121,0.000496,0.001405,0.003273,0.001986,0.003269,-0.002964,0.004601,26.909091,1.949581,24,31,214.845455,25.576398,1.0,0.003273,0.003269,0.004601,0.002328,Экстра-прецизионные (< 3 мм)
JCTW,14,0.017486,0.007262,0.0054,0.0326,0.001941,0.005329,0.007227,0.001207,0.008417,0.008614,0.012148,14.428571,1.650841,11,17,68.071429,33.041103,1.0,0.007227,0.008417,0.012148,0.007262,Высокоточные (5-8 мм)
JOG2,24,0.012488,0.006994,0.0035,0.0279,0.001428,-0.001142,0.004945,0.004812,0.006881,-0.003154,0.01019,23.208333,3.988889,17,31,175.179167,74.54961,1.0,0.004945,0.006881,0.01019,0.006994,Высокоточные (5-8 мм)
JOZ2,25,0.008268,0.003533,0.0026,0.0168,0.000707,0.003788,0.002943,0.001796,0.003284,-0.00334,0.005845,24.28,1.45831,22,27,200.368,22.477484,1.0,0.002943,0.003284,0.005845,0.003533,Прецизионные (3-5 мм)
JOZE,24,0.010796,0.002583,0.0062,0.0179,0.000527,0.006292,0.002686,0.002942,0.003858,0.0044,0.006008,24.166667,2.35292,16,28,194.5625,38.312614,1.0,0.002686,0.003858,0.006008,0.002583,Экстра-прецизионные (< 3 мм)
JPLM,22,0.006155,0.003345,0.0019,0.0147,0.000713,0.0018,0.002528,0.000191,0.003,0.001973,0.005297,20.909091,2.688761,14,26,160.781818,51.366439,1.0,0.002528,0.003,0.005297,0.003345,Прецизионные (3-5 мм)
KARR,10,0.01997,0.006958,0.0086,0.0296,0.0022,0.01156,0.00549,-0.00116,0.007047,0.01101,0.011351,23.4,3.806427,15,28,188.15,83.72199,1.5,0.00549,0.007047,0.011351,0.006958,Высокоточные (5-8 мм)
KAT1,26,0.015208,0.008387,0.0024,0.0298,0.001645,-0.003104,0.006683,-0.005308,0.006888,-0.001046,0.013357,23.346154,5.698718,11,31,171.269231,86.850616,1.0,0.006683,0.006888,0.013357,0.008387,Средней точности (8-12 мм)
KERG,26,0.013146,0.007604,0.0016,0.0289,0.001491,-0.003473,0.005418,-0.004319,0.005991,-0.007177,0.009312,20.307692,2.20489,16,25,147.446154,68.042782,1.0,0.005418,0.005991,0.009312,0.007604,Высокоточные (5-8 мм)
KIR0,23,0.007383,0.002501,0.0027,0.0114,0.000521,0.002209,0.002887,0.002248,0.002979,-0.001591,0.005747,26.826087,2.187821,22,30,211.513043,24.009511,1.0,0.002887,0.002979,0.005747,0.002501,Экстра-прецизионные (< 3 мм)
KIR8,27,0.011141,0.004849,0.0028,0.0216,0.000933,0.0029,0.002977,0.001726,0.005088,-0.002333,0.010002,26.0,3.0,16,30,200.051852,58.637605,1.0,0.002977,0.005088,0.010002,0.004849,Прецизионные (3-5 мм)
KIRI,23,0.011604,0.006516,0.0046,0.0302,0.001359,-0.000878,0.004763,-0.00337,0.00507,-0.003357,0.010509,22.913043,5.838065,8,29,179.634783,84.794568,1.217391,0.004763,0.00507,0.010509,0.006516,Высокоточные (5-8 мм)
KIRU,24,0.012475,0.005208,0.0031,0.021,0.001063,0.001583,0.002636,4e-06,0.003861,-0.010821,0.006528,28.041667,2.235663,23,31,215.466667,41.736447,1.0,0.002636,0.003861,0.006528,0.005208,Высокоточные (5-8 мм)
KIT3,24,0.011254,0.004071,0.0035,0.0192,0.000831,0.000983,0.002914,-0.002871,0.004015,-0.009475,0.004552,21.583333,2.145099,19,26,151.991667,32.225981,1.0,0.002914,0.004015,0.004552,0.004071,Прецизионные (3-5 мм)
KITG,24,0.014379,0.004068,0.009,0.0228,0.00083,0.001192,0.002373,-0.006433,0.003515,-0.012054,0.00428,24.833333,1.926174,21,28,181.679167,28.822364,1.0,0.002373,0.003515,0.00428,0.004068,Прецизионные (3-5 мм)
KOKB,21,0.016514,0.007689,0.0079,0.0346,0.001678,0.007681,0.00549,1.4e-05,0.00631,0.011114,0.00912,20.904762,3.2389,15,27,135.442857,69.7215,1.0,0.00549,0.00631,0.00912,0.007689,Высокоточные (5-8 мм)
KOKV,20,0.012995,0.005502,0.0061,0.0269,0.00123,0.00718,0.005357,0.001355,0.007025,0.00562,0.00634,19.75,3.958668,11,26,146.185,69.839841,1.0,0.005357,0.007025,0.00634,0.005502,Высокоточные (5-8 мм)
KOS1,25,0.009376,0.004494,0.0024,0.0174,0.000899,0.001404,0.004656,0.004384,0.004362,-0.001136,0.006898,26.6,2.327373,21,30,197.324,41.164247,1.0,0.004656,0.004362,0.006898,0.004494,Прецизионные (3-5 мм)
KOUG,26,0.018762,0.006394,0.0085,0.0314,0.001254,0.013296,0.006607,0.004673,0.004672,-0.002715,0.011272,24.346154,2.924959,15,30,193.484615,42.812313,1.0,0.006607,0.004672,0.011272,0.006394,Высокоточные (5-8 мм)
KOUR,24,0.019292,0.007045,0.0115,0.0353,0.001438,0.012612,0.007366,0.003529,0.009513,0.000408,0.010693,24.041667,3.141298,16,30,186.816667,45.169494,1.0,0.007366,0.009513,0.010693,0.007045,Высокоточные (5-8 мм)
KRGG,26,0.010369,0.004752,0.0034,0.0208,0.000932,-0.004069,0.003643,0.001377,0.004585,0.000285,0.009,20.807692,2.514267,14,27,163.565385,67.274875,1.0,0.003643,0.004585,0.009,0.004752,Прецизионные (3-5 мм)
LAMA,9,0.011344,0.003967,0.0053,0.0166,0.001322,0.004456,0.002167,0.000233,0.002954,-0.006789,0.008561,20.555556,1.740051,17,23,127.766667,37.271504,1.0,0.002167,0.002954,0.008561,0.003967,Прецизионные (3-5 мм)
LAUT,24,0.015833,0.009106,0.0039,0.0367,0.001859,0.001346,0.00514,-0.002108,0.006214,0.005333,0.015612,21.291667,4.8047,11,28,157.054167,88.150449,1.416667,0.00514,0.006214,0.015612,0.009106,Средней точности (8-12 мм)
LCK4,23,0.0213,0.006169,0.0113,0.0362,0.001286,0.003283,0.003291,-0.001839,0.004141,0.019178,0.009214,25.304348,2.382413,20,28,148.730435,44.98193,1.0,0.003291,0.004141,0.009214,0.006169,Высокоточные (5-8 мм)
LEIJ,25,0.008192,0.004183,0.0002,0.0168,0.000837,0.00352,0.003911,-9.6e-05,0.004668,-0.001056,0.006013,26.0,1.683251,23,29,207.264,31.637529,1.0,0.003911,0.004668,0.006013,0.004183,Прецизионные (3-5 мм)
LMMF,26,0.016331,0.007524,0.0043,0.036,0.001476,0.002392,0.005812,-0.002081,0.006534,0.007858,0.013516,22.307692,2.649819,18,28,153.615385,38.237225,1.0,0.005812,0.006534,0.013516,0.007524,Высокоточные (5-8 мм)
LPAL,24,0.0086,0.003525,0.0036,0.0161,0.00072,0.002962,0.002295,0.00215,0.00387,-0.003554,0.006516,21.25,2.506513,16,25,141.195833,34.902715,1.0,0.002295,0.00387,0.006516,0.003525,Прецизионные (3-5 мм)
LPGS,24,0.021812,0.004433,0.0131,0.0325,0.000905,-0.003321,0.00303,-0.019675,0.003692,-0.003242,0.008179,18.958333,1.627993,16,22,161.033333,33.312156,1.0,0.00303,0.003692,0.008179,0.004433,Прецизионные (3-5 мм)
LROC,23,0.01327,0.005033,0.0035,0.0219,0.001049,0.002322,0.003259,0.002378,0.004692,-0.009491,0.008423,22.043478,1.965111,17,25,133.604348,51.03762,1.0,0.003259,0.004692,0.008423,0.005033,Высокоточные (5-8 мм)
M0SE,21,0.008171,0.003473,0.0021,0.0143,0.000758,0.001719,0.002683,0.004052,0.003681,-0.004467,0.004507,22.333333,2.03306,16,27,158.409524,43.689803,1.0,0.002683,0.003681,0.004507,0.003473,Прецизионные (3-5 мм)
MADR,25,0.014744,0.00686,0.0034,0.0284,0.001372,0.003344,0.002425,0.003988,0.004039,-0.012408,0.007895,23.52,2.16256,19,28,163.22,46.519557,1.0,0.002425,0.004039,0.007895,0.00686,Высокоточные (5-8 мм)
MAJU,24,0.021888,0.011847,0.003,0.0489,0.002418,0.008288,0.008026,-0.002558,0.009216,-0.013183,0.015216,22.5,4.423259,13,29,171.995833,85.39567,1.208333,0.008026,0.009216,0.015216,0.011847,Средней точности (8-12 мм)
MAL2,25,0.012116,0.004523,0.0047,0.0205,0.000905,0.004804,0.002595,0.0056,0.006681,-0.004164,0.006851,26.2,2.101587,21,30,217.112,29.758449,1.0,0.002595,0.006681,0.006851,0.004523,Прецизионные (3-5 мм)
MALL,25,0.01716,0.006299,0.0064,0.0299,0.00126,0.002464,0.002713,0.002064,0.004093,-0.015832,0.007054,21.56,1.980741,17,25,144.884,44.779903,1.2,0.002713,0.004093,0.007054,0.006299,Высокоточные (5-8 мм)
MARS,25,0.025116,0.010203,0.0072,0.0499,0.002041,0.000848,0.004561,0.002396,0.008905,-0.02342,0.009126,21.0,2.101587,16,24,129.72,43.747952,1.2,0.004561,0.008905,0.009126,0.010203,Средней точности (8-12 мм)
MAS1,24,0.007758,0.003619,0.0008,0.0144,0.000739,-5.8e-05,0.00227,0.002454,0.003995,-0.003767,0.005811,25.291667,2.136213,22,29,170.204167,25.166152,1.0,0.00227,0.003995,0.005811,0.003619,Прецизионные (3-5 мм)
MAT1,22,0.019227,0.006015,0.0105,0.0362,0.001282,0.001795,0.003301,0.005377,0.005399,-0.017309,0.005957,20.818182,1.53177,16,23,141.0,45.248236,1.227273,0.003301,0.005399,0.005957,0.006015,Высокоточные (5-8 мм)
MATE,24,0.016104,0.007336,0.0032,0.0328,0.001497,0.001725,0.003528,0.005425,0.004331,-0.011687,0.010829,20.958333,1.731528,16,24,146.716667,45.204373,1.0,0.003528,0.004331,0.010829,0.007336,Высокоточные (5-8 мм)
MATG,21,0.016748,0.003224,0.0114,0.0249,0.000704,0.00341,0.002976,0.003586,0.004368,-0.014714,0.004767,21.047619,1.499206,18,23,119.72381,45.319542,1.0,0.002976,0.004368,0.004767,0.003224,Прецизионные (3-5 мм)
MAW1,16,0.018981,0.005462,0.0087,0.0276,0.001365,0.00195,0.002848,0.00095,0.003319,-0.018306,0.005893,24.625,4.924429,11,30,190.24375,60.668135,1.3125,0.002848,0.003319,0.005893,0.005462,Высокоточные (5-8 мм)
MBAR,24,0.011867,0.00534,0.005,0.0252,0.00109,0.0049,0.002447,-0.000633,0.003992,-0.008683,0.007011,28.458333,2.105462,23,31,212.304167,26.424256,1.0,0.002447,0.003992,0.007011,0.00534,Высокоточные (5-8 мм)
MCHL,24,0.010979,0.003997,0.0054,0.0224,0.000816,0.0018,0.004243,-0.002533,0.006037,0.002325,0.008474,22.458333,4.510656,12,27,151.7875,76.415155,1.0,0.004243,0.006037,0.008474,0.003997,Прецизионные (3-5 мм)
MCIL,21,0.0128,0.005945,0.0041,0.0245,0.001297,0.003148,0.004671,0.003386,0.007074,0.000729,0.010617,18.952381,1.986862,15,23,110.733333,70.984339,1.714286,0.004671,0.007074,0.010617,0.005945,Высокоточные (5-8 мм)
MDO1,26,0.011031,0.005074,0.0039,0.0221,0.000995,0.004519,0.00232,0.000404,0.002992,-0.006619,0.00842,21.423077,1.836803,18,26,174.957692,50.327155,1.0,0.00232,0.002992,0.00842,0.005074,Высокоточные (5-8 мм)
MEDI,25,0.014032,0.004136,0.0069,0.0225,0.000827,0.001832,0.003702,0.001608,0.005316,-0.011152,0.006683,20.8,1.607275,18,24,117.032,37.870291,1.2,0.003702,0.005316,0.006683,0.004136,Прецизионные (3-5 мм)
MELI,24,0.0155,0.006257,0.0049,0.0284,0.001277,0.003525,0.003223,0.00285,0.004707,-0.012521,0.008469,21.833333,1.833663,16,25,146.279167,40.119333,1.0,0.003223,0.004707,0.008469,0.006257,Высокоточные (5-8 мм)
MET3,25,0.007556,0.003114,0.0026,0.0158,0.000623,0.003428,0.002961,0.000352,0.003173,0.000256,0.006178,27.68,2.230844,23,31,217.248,18.742824,1.0,0.002961,0.003173,0.006178,0.003114,Прецизионные (3-5 мм)
METG,22,0.007159,0.001645,0.0028,0.0101,0.000351,0.003377,0.002809,0.000491,0.002905,-0.000923,0.005182,27.090909,2.068105,23,30,216.986364,26.000683,1.0,0.002809,0.002905,0.005182,0.001645,Экстра-прецизионные (< 3 мм)
MIKL,25,0.009928,0.00542,0.0009,0.0187,0.001084,0.00038,0.003523,0.002396,0.005302,-0.004616,0.007961,21.52,3.560431,12,26,141.372,32.467298,1.0,0.003523,0.005302,0.007961,0.00542,Высокоточные (5-8 мм)
MKEA,21,0.006833,0.003569,0.0021,0.0145,0.000779,-2.9e-05,0.001989,-0.0017,0.004712,0.003419,0.004512,22.904762,3.462727,12,29,167.204762,70.895955,1.238095,0.001989,0.004712,0.004512,0.003569,Прецизионные (3-5 мм)
MOBS,24,0.014225,0.005015,0.0031,0.0252,0.001024,-0.003679,0.003857,-0.007725,0.005753,0.008279,0.006322,24.0,4.890096,12,29,163.470833,76.576319,1.208333,0.003857,0.005753,0.006322,0.005015,Высокоточные (5-8 мм)
MRC1,17,0.011359,0.006919,0.0044,0.0282,0.001678,0.005153,0.002625,0.002024,0.003927,-0.005835,0.009682,23.117647,2.571049,18,27,188.211765,43.831693,1.0,0.002625,0.003927,0.009682,0.006919,Высокоточные (5-8 мм)
MRO1,21,0.015571,0.010172,0.0027,0.0507,0.00222,-0.003543,0.006066,-0.001395,0.005029,0.01,0.013292,22.190476,3.893829,13,27,155.438095,85.064431,1.238095,0.006066,0.005029,0.013292,0.010172,Средней точности (8-12 мм)
NANO,25,0.01,0.0038,0.0043,0.02,0.00076,0.002292,0.003187,0.005108,0.004563,0.00454,0.005791,24.08,3.353108,16,29,192.276,48.8759,1.0,0.003187,0.004563,0.005791,0.0038,Прецизионные (3-5 мм)
NAUR,24,0.011825,0.006954,0.0024,0.0291,0.001419,0.002325,0.005399,-0.005679,0.006457,0.002775,0.008721,23.625,5.054593,12,29,189.483333,82.313508,1.0,0.005399,0.006457,0.008721,0.006954,Высокоточные (5-8 мм)
NAUS,25,0.013828,0.005157,0.003,0.0247,0.001031,0.004028,0.003778,-0.001732,0.004324,0.011628,0.00565,23.92,1.956187,20,26,191.008,40.203824,1.0,0.003778,0.004324,0.00565,0.005157,Высокоточные (5-8 мм)
NICO,22,0.016832,0.00636,0.0097,0.0346,0.001356,0.001923,0.002322,0.002109,0.00486,-0.015632,0.006483,23.181818,1.651446,20,27,180.790909,39.217051,1.0,0.002322,0.00486,0.006483,0.00636,Высокоточные (5-8 мм)
NIST,19,0.008747,0.003233,0.0043,0.0168,0.000742,0.002758,0.002849,0.0029,0.003418,0.000679,0.007351,19.631579,2.113726,16,24,148.231579,46.395055,1.0,0.002849,0.003418,0.007351,0.003233,Прецизионные (3-5 мм)
NKLG,26,0.009085,0.004306,0.0034,0.0162,0.000844,0.002742,0.00298,0.002546,0.00428,-0.002588,0.007452,25.730769,2.2371,19,30,204.857692,43.903532,1.0,0.00298,0.00428,0.007452,0.004306,Прецизионные (3-5 мм)
NLIB,24,0.009887,0.003127,0.0044,0.0186,0.000638,0.002317,0.001835,0.003333,0.003559,-0.001696,0.008691,19.041667,2.349453,12,24,150.65,49.089306,1.0,0.001835,0.003559,0.008691,0.003127,Прецизионные (3-5 мм)
NNOR,26,0.011565,0.006517,0.0019,0.0264,0.001278,-0.001865,0.004326,0.000438,0.00514,0.006969,0.009053,20.576923,4.281804,12,26,136.265385,79.178896,1.576923,0.004326,0.00514,0.009053,0.006517,Высокоточные (5-8 мм)
NOT1,25,0.015892,0.008618,0.0036,0.039,0.001724,-0.00126,0.002525,0.006776,0.005404,-0.012768,0.009094,21.0,1.870829,16,24,136.852,40.087894,1.2,0.002525,0.005404,0.009094,0.008618,Средней точности (8-12 мм)
NRC1,26,0.011796,0.005774,0.0033,0.0278,0.001132,0.002135,0.003062,0.003515,0.002937,-0.008877,0.007785,22.730769,3.365207,13,27,173.715385,37.672448,1.0,0.003062,0.002937,0.007785,0.005774,Высокоточные (5-8 мм)
NVSK,22,0.02955,0.005145,0.0164,0.0359,0.001097,-0.002573,0.001346,-0.003127,0.003611,0.029032,0.005129,15.727273,1.241421,13,18,112.940909,40.378739,1.0,0.001346,0.003611,0.005129,0.005145,Высокоточные (5-8 мм)
NYA2,26,0.011458,0.006362,0.0026,0.0253,0.001248,0.001265,0.003227,-0.001142,0.003473,-0.010235,0.006529,28.461538,2.319151,22,33,221.042308,40.426963,1.0,0.003227,0.003473,0.006529,0.006362,Высокоточные (5-8 мм)
OBE4,25,0.010724,0.005843,0.0022,0.0218,0.001169,0.003344,0.004505,0.002672,0.005008,-0.004372,0.008313,23.56,1.959592,19,27,179.764,40.933797,1.2,0.004505,0.005008,0.008313,0.005843,Высокоточные (5-8 мм)
OHI3,19,0.024774,0.008137,0.0119,0.0471,0.001867,-0.004484,0.003766,0.003079,0.005084,-0.023437,0.007941,24.0,4.737557,9,28,176.468421,60.799169,1.263158,0.003766,0.005084,0.007941,0.008137,Средней точности (8-12 мм)
ONS1,26,0.009685,0.0053,0.0026,0.0237,0.001039,0.001131,0.00301,0.003088,0.003895,-0.006842,0.006431,24.0,1.766352,20,28,185.207692,45.52115,1.192308,0.00301,0.003895,0.006431,0.0053,Высокоточные (5-8 мм)
ONSA,23,0.0099,0.005599,0.0018,0.0233,0.001168,0.001826,0.0026,0.002557,0.003675,-0.006587,0.007622,24.869565,2.768399,16,29,188.065217,41.670849,1.0,0.0026,0.003675,0.007622,0.005599,Высокоточные (5-8 мм)
ORID,24,0.012725,0.006818,0.0038,0.028,0.001392,0.001229,0.003167,0.000667,0.004342,-0.011433,0.006886,22.25,2.171956,16,25,134.829167,57.875417,1.416667,0.003167,0.004342,0.006886,0.006818,Высокоточные (5-8 мм)
OWMG,23,0.017304,0.010783,0.0048,0.0434,0.002248,0.000183,0.007178,-0.005039,0.011609,-0.0081,0.012159,18.217391,3.837098,11,25,143.086957,73.25269,1.217391,0.007178,0.011609,0.012159,0.010783,Средней точности (8-12 мм)
PADO,23,0.010543,0.003627,0.0029,0.0159,0.000756,0.0017,0.002822,0.00167,0.004113,-0.008674,0.004512,21.913043,1.856513,19,26,159.621739,36.108548,1.0,0.002822,0.004113,0.004512,0.003627,Прецизионные (3-5 мм)
PARC,15,0.022573,0.010165,0.004,0.0433,0.002624,-0.008533,0.005036,-0.0036,0.003893,-0.019653,0.010188,24.2,2.677952,20,28,193.366667,21.071839,1.0,0.005036,0.003893,0.010188,0.010165,Средней точности (8-12 мм)
PARK,9,0.011111,0.004819,0.004,0.0177,0.001606,0.000467,0.00394,-0.005844,0.005927,-0.004478,0.007087,25.333333,2.783882,19,29,193.6,60.495413,1.0,0.00394,0.005927,0.007087,0.004819,Прецизионные (3-5 мм)
PENC,24,0.0139,0.005841,0.0051,0.0254,0.001192,0.004458,0.003489,0.000538,0.007967,-0.005088,0.010609,14.625,1.813296,10,17,64.354167,25.17775,1.208333,0.003489,0.007967,0.010609,0.005841,Высокоточные (5-8 мм)
PERT,23,0.018004,0.007838,0.0053,0.0368,0.001634,-0.005883,0.003513,-0.005609,0.004806,0.012813,0.01115,18.73913,4.047641,8,24,113.213043,69.302855,1.652174,0.003513,0.004806,0.01115,0.007838,Высокоточные (5-8 мм)
PGEN,6,0.009933,0.002655,0.0071,0.0136,0.001084,0.007283,0.003185,-0.00155,0.002569,0.0014,0.006332,21.166667,3.970726,15,26,165.9,92.535723,1.0,0.003185,0.002569,0.006332,0.002655,Экстра-прецизионные (< 3 мм)
PICL,25,0.012396,0.005321,0.0023,0.0242,0.001064,0.007144,0.003112,0.002476,0.003477,-0.00662,0.007838,22.72,2.13151,17,27,194.008,38.08904,1.0,0.003112,0.003477,0.007838,0.005321,Высокоточные (5-8 мм)
PIE1,25,0.010068,0.003656,0.0037,0.0174,0.000731,0.004764,0.001718,0.002088,0.003087,-0.005424,0.006895,20.48,2.347339,15,26,172.436,46.252548,1.0,0.001718,0.003087,0.006895,0.003656,Прецизионные (3-5 мм)
PIMO,22,0.025291,0.010577,0.0016,0.0471,0.002255,0.002064,0.002509,-0.004468,0.005936,-0.023845,0.011008,18.227273,3.624412,11,25,101.804545,55.642665,1.227273,0.002509,0.005936,0.011008,0.010577,Средней точности (8-12 мм)
PNGM,6,0.020083,0.010987,0.0113,0.038,0.004485,0.0012,0.003508,0.002183,0.006298,0.012667,0.018813,25.166667,4.119061,17,28,200.183333,80.173348,1.0,0.003508,0.006298,0.018813,0.010987,Средней точности (8-12 мм)
POAL,24,0.00995,0.0045,0.0023,0.019,0.000918,-0.002992,0.004464,-0.000217,0.003941,0.001254,0.008765,20.833333,2.853932,10,25,169.3375,42.00594,1.208333,0.004464,0.003941,0.008765,0.0045,Прецизионные (3-5 мм)
POL2,20,0.013885,0.004593,0.0054,0.0227,0.001027,0.002205,0.00141,-0.00171,0.003161,-0.013205,0.004499,25.15,1.814416,21,28,179.815,26.247071,1.0,0.00141,0.003161,0.004499,0.004593,Прецизионные (3-5 мм)
POLV,22,0.011386,0.007369,0.0032,0.0296,0.001571,-0.001423,0.004264,0.002505,0.006978,-0.003027,0.010249,22.818182,2.92178,12,27,103.340909,35.285471,1.0,0.004264,0.006978,0.010249,0.007369,Высокоточные (5-8 мм)
POTS,23,0.014287,0.006668,0.0033,0.0311,0.00139,0.002604,0.005838,0.0018,0.004203,-0.012435,0.00574,26.0,2.276361,20,31,203.356522,43.134376,1.0,0.005838,0.004203,0.00574,0.006668,Высокоточные (5-8 мм)
POVE,24,0.013858,0.006046,0.0041,0.0231,0.001234,0.003475,0.00364,0.002154,0.004681,0.0095,0.009464,24.25,2.862805,13,28,188.2875,40.593942,1.0,0.00364,0.004681,0.009464,0.006046,Высокоточные (5-8 мм)
PRDS,23,0.008591,0.00499,0.0016,0.0213,0.00104,0.000774,0.002691,0.000643,0.003701,0.001265,0.00884,22.130435,1.713697,19,25,171.373913,37.311407,1.0,0.002691,0.003701,0.00884,0.00499,Прецизионные (3-5 мм)
PTAG,14,0.018871,0.007483,0.0057,0.0309,0.002,0.004043,0.003739,-0.001286,0.005688,-0.012386,0.014468,19.714286,2.05421,15,22,148.557143,76.094675,1.714286,0.003739,0.005688,0.014468,0.007483,Высокоточные (5-8 мм)
PTBB,25,0.010768,0.004814,0.0026,0.0216,0.000963,0.002696,0.004823,0.00248,0.003954,-0.00574,0.00755,23.96,1.645195,20,26,164.568,45.986273,1.0,0.004823,0.003954,0.00755,0.004814,Прецизионные (3-5 мм)
PTGG,23,0.012874,0.006605,0.0034,0.0274,0.001377,0.001661,0.005611,8.7e-05,0.00758,-0.008757,0.00671,21.913043,2.843062,17,26,174.717391,71.684134,1.0,0.005611,0.00758,0.00671,0.006605,Высокоточные (5-8 мм)
QAQ1,25,0.007508,0.003126,0.003,0.0151,0.000625,0.000784,0.002741,-0.00012,0.002827,0.001916,0.006956,24.84,2.095233,21,28,199.332,39.726437,1.0,0.002741,0.002827,0.006956,0.003126,Прецизионные (3-5 мм)
QUIN,24,0.007458,0.004036,0.003,0.0198,0.000824,0.001604,0.003152,0.000704,0.004375,-0.002646,0.005877,19.875,2.893959,14,24,180.9375,41.586764,1.0,0.003152,0.004375,0.005877,0.004036,Прецизионные (3-5 мм)
RABT,20,0.01168,0.005303,0.0039,0.0232,0.001186,0.002695,0.002611,0.00273,0.005474,-0.007715,0.007563,24.55,2.999561,16,29,153.58,33.821771,1.0,0.002611,0.005474,0.007563,0.005303,Высокоточные (5-8 мм)
RAEG,24,0.011221,0.004246,0.0038,0.0198,0.000867,0.006879,0.005013,0.002479,0.00428,-0.002138,0.006767,22.875,1.848913,19,27,175.5875,28.22303,1.0,0.005013,0.00428,0.006767,0.004246,Прецизионные (3-5 мм)
REDU,25,0.008764,0.003362,0.0033,0.0157,0.000672,-0.003132,0.00302,0.003376,0.005068,-0.000684,0.005817,22.92,2.019076,17,26,177.476,48.866854,1.0,0.00302,0.005068,0.005817,0.003362,Прецизионные (3-5 мм)
REUN,24,0.011267,0.005313,0.0052,0.0228,0.001084,0.002129,0.004082,-0.00075,0.004097,0.003312,0.010505,21.541667,2.637178,16,26,156.05,54.942468,1.208333,0.004082,0.004097,0.010505,0.005313,Высокоточные (5-8 мм)
REYK,26,0.013858,0.00634,0.0065,0.0267,0.001243,0.003877,0.003362,-0.004912,0.004687,-0.003508,0.01237,25.384615,2.06062,21,29,190.034615,52.422155,1.0,0.003362,0.004687,0.01237,0.00634,Высокоточные (5-8 мм)
RGDG,23,0.012335,0.004079,0.0034,0.0194,0.000851,-0.005078,0.004121,0.003713,0.002865,-0.008861,0.005203,25.086957,1.951993,20,27,176.573913,38.105633,1.0,0.004121,0.002865,0.005203,0.004079,Прецизионные (3-5 мм)
RIGA,25,0.013444,0.006038,0.0037,0.0238,0.001208,0.005988,0.003251,0.000208,0.00225,0.010532,0.007488,17.88,2.833137,13,23,123.088,35.456949,1.0,0.003251,0.00225,0.007488,0.006038,Высокоточные (5-8 мм)
RIO2,21,0.0139,0.003581,0.0071,0.0202,0.000781,-0.004919,0.004003,0.002252,0.003688,-0.011324,0.004642,25.952381,2.479439,20,30,189.814286,33.481432,1.0,0.004003,0.003688,0.004642,0.003581,Прецизионные (3-5 мм)
ROAG,21,0.011986,0.006368,0.0039,0.0295,0.00139,0.000814,0.003438,-0.000467,0.004386,-0.0065,0.010739,22.428571,2.063284,19,26,129.761905,40.274017,1.238095,0.003438,0.004386,0.010739,0.006368,Высокоточные (5-8 мм)
SALU,26,0.02445,0.009026,0.0094,0.0376,0.00177,0.00115,0.006139,0.007215,0.007366,0.017465,0.015405,19.230769,2.470752,13,23,169.146154,49.669518,1.0,0.006139,0.007366,0.015405,0.009026,Средней точности (8-12 мм)
SASK,26,0.0137,0.005849,0.0023,0.027,0.001147,0.001942,0.003032,0.004712,0.003793,0.009415,0.009294,22.769231,2.178214,18,27,174.426923,48.24066,1.0,0.003032,0.003793,0.009294,0.005849,Высокоточные (5-8 мм)
SAVO,20,0.01418,0.009159,0.0018,0.0375,0.002048,0.000485,0.007849,0.00146,0.007887,-0.000535,0.012978,18.55,3.268268,13,25,178.665,22.719578,1.0,0.007849,0.007887,0.012978,0.009159,Средней точности (8-12 мм)
SCH2,25,0.00786,0.004905,0.0016,0.0194,0.000981,-0.001532,0.004816,0.001188,0.00386,0.000112,0.006819,24.04,3.034249,16,29,193.344,40.008833,1.0,0.004816,0.00386,0.006819,0.004905,Прецизионные (3-5 мм)
SCOR,24,0.008696,0.004359,0.0023,0.0186,0.00089,0.002404,0.003521,0.003538,0.003743,0.001225,0.007127,25.916667,2.320357,21,31,213.7375,21.591218,1.0,0.003521,0.003743,0.007127,0.004359,Прецизионные (3-5 мм)
SCRZ,21,0.010767,0.004564,0.0033,0.0197,0.000996,0.005876,0.003171,-0.002629,0.005271,0.003205,0.007104,19.714286,2.052873,15,24,139.728571,37.563215,1.0,0.003171,0.005271,0.007104,0.004564,Прецизионные (3-5 мм)
SCUB,24,0.011954,0.007581,0.003,0.0303,0.001548,0.000479,0.005177,0.004442,0.004929,0.001771,0.011472,21.458333,2.321528,17,26,148.720833,41.925576,1.0,0.005177,0.004929,0.011472,0.007581,Высокоточные (5-8 мм)
SEY2,23,0.012474,0.006239,0.0031,0.0288,0.001301,0.002117,0.00416,0.00177,0.006807,-0.003643,0.010783,21.478261,2.626258,13,25,164.082609,48.788734,1.0,0.00416,0.006807,0.010783,0.006239,Высокоточные (5-8 мм)
SEYG,26,0.014423,0.004995,0.0061,0.0248,0.00098,-0.002927,0.00637,-0.000962,0.00473,0.00855,0.00963,24.846154,1.953301,21,29,210.857692,50.459339,1.0,0.00637,0.00473,0.00963,0.004995,Прецизионные (3-5 мм)
SFER,21,0.012529,0.00535,0.0047,0.0241,0.001167,-0.004005,0.003191,-9.5e-05,0.004087,-0.009005,0.00798,22.285714,1.616875,19,25,155.557143,32.772741,1.0,0.003191,0.004087,0.00798,0.00535,Высокоточные (5-8 мм)
SGOC,12,0.009083,0.003987,0.0052,0.0192,0.001151,0.002933,0.004177,-0.001658,0.003659,-0.005358,0.00557,26.416667,2.020726,22,30,206.091667,49.799205,1.0,0.004177,0.003659,0.00557,0.003987,Прецизионные (3-5 мм)
SOD3,25,0.00882,0.004158,0.0036,0.0179,0.000832,0.001572,0.002879,0.002336,0.003408,-0.004988,0.006638,28.28,2.111871,24,33,216.364,40.962766,1.0,0.002879,0.003408,0.006638,0.004158,Прецизионные (3-5 мм)
SOFI,24,0.016575,0.011313,0.0011,0.0465,0.002309,-0.001238,0.00395,-0.004233,0.006636,-0.010758,0.014615,21.916667,2.483277,13,25,162.320833,50.118208,1.0,0.00395,0.006636,0.014615,0.011313,Средней точности (8-12 мм)
SOLO,22,0.019918,0.005154,0.0088,0.0285,0.001099,0.015264,0.003931,-0.002955,0.005909,0.006818,0.009494,23.681818,4.086987,14,30,191.127273,76.554663,1.0,0.003931,0.005909,0.009494,0.005154,Высокоточные (5-8 мм)
SPT0,25,0.009068,0.005212,0.0027,0.021,0.001042,0.002084,0.002872,0.001544,0.003543,-0.005568,0.007277,24.4,2.236068,19,29,183.968,44.965039,1.0,0.002872,0.003543,0.007277,0.005212,Высокоточные (5-8 мм)
STHL,23,0.006765,0.003415,0.0024,0.0154,0.000712,0.002239,0.002756,-0.00153,0.002965,0.001596,0.00572,25.826087,2.367434,19,30,190.969565,29.986837,1.0,0.002756,0.002965,0.00572,0.003415,Прецизионные (3-5 мм)
STJ3,24,0.009879,0.003701,0.0026,0.0197,0.000756,0.001938,0.003629,0.000442,0.00393,-0.007021,0.005612,26.333333,2.958652,21,34,196.004167,43.589054,1.0,0.003629,0.00393,0.005612,0.003701,Прецизионные (3-5 мм)
STJO,24,0.011588,0.005681,0.0023,0.0244,0.00116,0.003246,0.004025,0.001312,0.003648,-0.008429,0.00748,25.666667,2.315668,22,29,183.179167,44.820036,1.0,0.004025,0.003648,0.00748,0.005681,Высокоточные (5-8 мм)
STPM,25,0.009852,0.003272,0.0057,0.0179,0.000654,0.003212,0.004005,0.005412,0.003483,-0.003192,0.005645,24.6,2.661453,19,30,190.044,41.318298,1.0,0.004005,0.003483,0.005645,0.003272,Прецизионные (3-5 мм)
STR1,25,0.0116,0.005648,0.0017,0.0256,0.00113,-0.002,0.004227,-0.004668,0.006862,0.003488,0.008204,22.6,5.91608,10,30,148.056,83.740328,1.4,0.004227,0.006862,0.008204,0.005648,Высокоточные (5-8 мм)
STR2,23,0.012617,0.004836,0.0048,0.023,0.001008,-0.001413,0.004661,-0.006061,0.007206,0.006887,0.005131,21.782609,5.204513,9,29,128.273913,75.068043,1.434783,0.004661,0.007206,0.005131,0.004836,Прецизионные (3-5 мм)
SULP,11,0.0108,0.005781,0.0034,0.0204,0.001743,0.002773,0.003009,0.001827,0.004521,-0.008427,0.006519,22.181818,2.315953,16,25,188.218182,51.171903,1.0,0.003009,0.004521,0.006519,0.005781,Высокоточные (5-8 мм)
SUTH,20,0.011125,0.005865,0.0041,0.0261,0.001311,-0.00297,0.002968,-0.003195,0.004763,0.00685,0.00797,25.65,2.518876,19,28,187.945,48.802464,1.0,0.002968,0.004763,0.00797,0.005865,Высокоточные (5-8 мм)
SUTM,26,0.008388,0.003674,0.0019,0.0162,0.000721,-0.004227,0.00239,-0.003146,0.003395,-0.003027,0.00555,25.884615,2.761549,18,32,196.946154,48.154005,1.0,0.00239,0.003395,0.00555,0.003674,Прецизионные (3-5 мм)
SVTL,22,0.008095,0.004139,0.0011,0.0164,0.000883,0.001505,0.002368,-0.001623,0.002644,0.003732,0.007323,25.909091,2.244763,21,29,200.704545,18.853457,1.0,0.002368,0.002644,0.007323,0.004139,Прецизионные (3-5 мм)
TASH,25,0.020068,0.003574,0.0149,0.0255,0.000715,0.004392,0.002539,0.002144,0.002959,-0.019092,0.003415,23.44,2.69382,18,29,174.536,24.629909,1.0,0.002539,0.002959,0.003415,0.003574,Прецизионные (3-5 мм)
THTG,25,0.02198,0.010597,0.0028,0.0434,0.002119,0.007628,0.006094,0.000128,0.009127,0.017588,0.010553,20.04,3.634098,13,27,168.2,70.946559,1.0,0.006094,0.009127,0.010553,0.010597,Средней точности (8-12 мм)
THU2,24,0.007242,0.002966,0.0021,0.0129,0.000605,0.000312,0.003143,-0.000933,0.003153,-0.002521,0.005997,25.75,1.452135,23,28,216.216667,17.823718,1.0,0.003143,0.003153,0.005997,0.002966,Экстра-прецизионные (< 3 мм)
TID1,21,0.011,0.007158,0.0044,0.0264,0.001562,-0.001624,0.005212,-0.004114,0.007862,-0.001752,0.008094,23.285714,5.908831,10,30,141.27619,80.045586,1.714286,0.005212,0.007862,0.008094,0.007158,Высокоточные (5-8 мм)
TIT2,25,0.00968,0.003935,0.0046,0.0176,0.000787,0.000376,0.00456,-0.000912,0.004643,-0.00552,0.006152,25.96,2.589723,19,29,193.58,51.975387,1.2,0.00456,0.004643,0.006152,0.003935,Прецизионные (3-5 мм)
TLSE,26,0.007577,0.003951,0.0018,0.017,0.000775,0.000112,0.002615,0.002438,0.003863,-0.002327,0.00645,23.730769,2.631466,18,28,186.35,49.013127,1.0,0.002615,0.003863,0.00645,0.003951,Прецизионные (3-5 мм)
TLSG,24,0.006783,0.003226,0.0027,0.0168,0.000658,0.00105,0.002346,0.000508,0.004127,-0.002221,0.005405,25.291667,2.612331,19,30,187.641667,46.904166,1.208333,0.002346,0.004127,0.005405,0.003226,Прецизионные (3-5 мм)
TOPL,22,0.007955,0.00411,0.001,0.0187,0.000876,0.003041,0.002921,-0.000527,0.003565,-0.001359,0.007057,20.909091,2.505405,15,26,198.568182,13.435751,1.0,0.002921,0.003565,0.007057,0.00411,Прецизионные (3-5 мм)
TOW2,25,0.020308,0.007462,0.0071,0.0355,0.001492,-0.001952,0.007546,-0.003652,0.008807,0.006268,0.017091,23.56,4.655463,15,31,162.228,86.090706,1.2,0.007546,0.008807,0.017091,0.007462,Высокоточные (5-8 мм)
TUVA,24,0.015412,0.007889,0.0037,0.0348,0.00161,-0.005979,0.006519,-0.000696,0.006194,0.007783,0.011329,22.208333,5.702625,10,29,181.591667,76.387177,1.416667,0.006519,0.006194,0.011329,0.007889,Высокоточные (5-8 мм)
TWTF,22,0.015682,0.007435,0.0052,0.0373,0.001585,-0.003868,0.00488,0.003918,0.004862,-0.011645,0.009569,19.136364,2.568962,13,24,134.290909,49.518115,1.0,0.00488,0.004862,0.009569,0.007435,Высокоточные (5-8 мм)
UCLU,23,0.008478,0.004257,0.0036,0.0187,0.000888,-0.0022,0.003059,0.001774,0.003769,0.003035,0.007207,21.217391,2.712874,16,28,165.278261,46.836252,1.0,0.003059,0.003769,0.007207,0.004257,Прецизионные (3-5 мм)
UFPR,23,0.007135,0.003309,0.0034,0.0143,0.00069,-0.000804,0.002889,-0.001139,0.003499,0.002435,0.00593,19.652174,3.069034,10,23,180.082609,40.800743,1.217391,0.002889,0.003499,0.00593,0.003309,Прецизионные (3-5 мм)
ULAB,24,0.024425,0.013297,0.0049,0.0522,0.002714,0.003688,0.003472,0.003912,0.004909,-0.023329,0.012917,23.291667,3.444961,16,28,174.741667,46.435527,1.0,0.003472,0.004909,0.012917,0.013297,Пониженной точности (12-20 мм)
UNB3,17,0.009165,0.00403,0.0027,0.0154,0.000977,0.000235,0.003697,0.002588,0.003423,-0.005382,0.006512,22.941176,2.41015,19,27,169.629412,48.279586,1.294118,0.003697,0.003423,0.006512,0.00403,Прецизионные (3-5 мм)
UNSA,25,0.0116,0.004821,0.0038,0.0233,0.000964,-0.001256,0.003929,0.003304,0.00501,-0.008632,0.005671,21.92,3.499047,8,26,189.46,42.07729,1.2,0.003929,0.00501,0.005671,0.004821,Прецизионные (3-5 мм)
USN7,25,0.014248,0.005282,0.0047,0.0247,0.001056,0.003664,0.00246,0.001512,0.003674,-0.011176,0.008545,21.52,2.48529,15,26,184.296,27.459872,1.0,0.00246,0.003674,0.008545,0.005282,Высокоточные (5-8 мм)
USN8,26,0.013158,0.0056,0.0033,0.0273,0.001098,0.003396,0.002578,0.002627,0.003491,-0.009519,0.008906,21.115385,2.761549,15,26,171.011538,47.859581,1.0,0.002578,0.003491,0.008906,0.0056,Высокоточные (5-8 мм)
UTQI,27,0.012415,0.005152,0.0038,0.0221,0.000992,0.001644,0.004122,-0.005493,0.003674,0.008126,0.007308,24.518519,2.470913,19,30,189.944444,50.045221,1.0,0.004122,0.003674,0.007308,0.005152,Высокоточные (5-8 мм)
VACS,24,0.014971,0.011656,0.0019,0.0508,0.002379,0.001733,0.007251,0.001338,0.00683,0.005367,0.015358,23.583333,2.733316,19,28,184.8375,56.857341,1.0,0.007251,0.00683,0.015358,0.011656,Средней точности (8-12 мм)
VALD,23,0.019387,0.004529,0.0131,0.0283,0.000944,0.007274,0.003046,0.000239,0.00354,0.01743,0.004363,14.521739,2.79398,8,19,89.521739,27.739158,1.0,0.003046,0.00354,0.004363,0.004529,Прецизионные (3-5 мм)
VILL,24,0.012083,0.003599,0.0055,0.0211,0.000735,0.006092,0.002255,0.006112,0.003889,-0.004767,0.0066,24.416667,2.18526,20,28,166.741667,36.567197,1.0,0.002255,0.003889,0.0066,0.003599,Прецизионные (3-5 мм)
VIS0,24,0.008338,0.003989,0.0031,0.0183,0.000814,0.002158,0.003875,0.004654,0.003785,-0.002179,0.005151,25.25,2.151845,22,29,183.1625,28.280179,1.0,0.003875,0.003785,0.005151,0.003989,Прецизионные (3-5 мм)
VOIM,7,0.011929,0.005308,0.0031,0.0206,0.002006,0.000829,0.003815,0.005471,0.002752,0.003614,0.010994,23.714286,1.799471,21,27,163.028571,58.128356,1.0,0.003815,0.002752,0.010994,0.005308,Высокоточные (5-8 мм)
WAB2,22,0.011209,0.004911,0.006,0.0247,0.001047,0.001909,0.004202,-0.001023,0.006172,-0.003623,0.009042,16.454545,1.625021,13,19,50.881818,29.087759,1.227273,0.004202,0.006172,0.009042,0.004911,Прецизионные (3-5 мм)
WARN,25,0.00804,0.004691,0.0009,0.0177,0.000938,0.002232,0.00363,0.002028,0.004409,-0.001092,0.0068,25.96,2.281812,20,29,199.716,45.23505,1.0,0.00363,0.004409,0.0068,0.004691,Прецизионные (3-5 мм)
WHIT,23,0.0108,0.004161,0.003,0.0182,0.000868,0.003339,0.002691,0.002404,0.003652,0.008191,0.005533,26.173913,2.037203,22,30,197.017391,27.712479,1.0,0.002691,0.003652,0.005533,0.004161,Прецизионные (3-5 мм)
WILL,25,0.010756,0.005868,0.0033,0.0254,0.001174,0.000828,0.002979,0.0025,0.003921,0.000928,0.011067,24.48,3.343152,16,31,181.168,50.544145,1.0,0.002979,0.003921,0.011067,0.005868,Высокоточные (5-8 мм)
WIND,24,0.010971,0.005365,0.0027,0.0224,0.001095,-0.002433,0.003596,0.000633,0.004612,-0.007679,0.007232,26.875,2.490198,19,30,194.454167,45.938257,1.0,0.003596,0.004612,0.007232,0.005365,Высокоточные (5-8 мм)
WROC,25,0.010576,0.004969,0.0035,0.0216,0.000994,0.002596,0.004115,0.003212,0.004215,-0.006688,0.006479,23.24,2.570344,17,27,172.572,62.556718,1.2,0.004115,0.004215,0.006479,0.004969,Прецизионные (3-5 мм)
WSRT,23,0.010178,0.005606,0.0032,0.0233,0.001169,0.003165,0.004424,0.002243,0.004483,-0.005396,0.007345,24.086957,2.087039,18,27,168.234783,44.887168,1.217391,0.004424,0.004483,0.007345,0.005606,Высокоточные (5-8 мм)
WTZR,24,0.009883,0.005013,0.0033,0.0214,0.001023,0.001342,0.003672,0.003129,0.004481,-0.005708,0.006849,23.416667,1.411649,21,26,182.066667,28.318678,1.0,0.003672,0.004481,0.006849,0.005013,Высокоточные (5-8 мм)
WTZZ,24,0.009967,0.005005,0.0029,0.0212,0.001022,0.001583,0.00351,0.001917,0.00449,-0.006362,0.006901,25.458333,1.864524,23,30,201.258333,39.519823,1.0,0.00351,0.00449,0.006901,0.005005,Высокоточные (5-8 мм)
WUH2,23,0.025748,0.008515,0.011,0.0427,0.001775,-0.00087,0.001521,0.000352,0.003963,-0.025309,0.008727,19.347826,2.207605,15,23,148.578261,48.118131,1.0,0.001521,0.003963,0.008727,0.008515,Средней точности (8-12 мм)
WUHN,19,0.017684,0.010561,0.0077,0.0437,0.002423,0.001016,0.002621,0.001905,0.006426,0.001737,0.019637,4.263158,0.561951,4,6,11.768421,0.725758,6.0,0.002621,0.006426,0.019637,0.010561,Средней точности (8-12 мм)
YAR2,23,0.01297,0.005819,0.0049,0.0282,0.001213,-0.006626,0.006059,-0.003422,0.005222,-0.001417,0.009239,21.913043,2.983486,15,27,137.704348,63.395694,1.217391,0.006059,0.005222,0.009239,0.005819,Высокоточные (5-8 мм)
YAR3,23,0.015178,0.006431,0.0021,0.025,0.001341,-0.007109,0.00671,-0.004161,0.006175,0.0069,0.008847,23.608696,3.66481,14,29,176.143478,79.027842,1.0,0.00671,0.006175,0.008847,0.006431,Высокоточные (5-8 мм)
YARR,22,0.014609,0.006097,0.0036,0.029,0.0013,-0.006873,0.006886,-0.00475,0.004937,0.005932,0.008906,23.545455,3.875777,14,29,161.445455,78.032458,1.681818,0.006886,0.004937,0.008906,0.006097,Высокоточные (5-8 мм)
YEBE,23,0.009917,0.003833,0.0048,0.0208,0.000799,0.00237,0.001679,0.002961,0.003704,-0.006709,0.006199,21.695652,1.607787,18,25,144.913043,26.42876,1.0,0.001679,0.003704,0.006199,0.003833,Прецизионные (3-5 мм)
YEL2,24,0.0198,0.00696,0.0091,0.036,0.001421,0.0057,0.002544,0.006083,0.003187,0.016392,0.009381,26.416667,2.94761,21,34,206.533333,41.87724,1.0,0.002544,0.003187,0.009381,0.00696,Высокоточные (5-8 мм)
YELL,25,0.01256,0.005385,0.0052,0.0268,0.001077,0.003032,0.003226,0.005088,0.004019,0.007592,0.00838,24.4,2.345208,19,28,181.256,48.946357,1.0,0.003226,0.004019,0.00838,0.005385,Высокоточные (5-8 мм)
YKRO,21,0.01131,0.00356,0.0054,0.0175,0.000777,0.006386,0.003294,0.001767,0.003513,0.001257,0.008712,26.047619,1.716863,23,29,199.190476,46.11736,1.0,0.003294,0.003513,0.008712,0.00356,Прецизионные (3-5 мм)
ZAMB,17,0.009159,0.003523,0.0043,0.0152,0.000855,-0.002212,0.003876,0.000153,0.003024,0.001729,0.008316,26.764706,2.488207,21,31,166.7,57.015141,1.0,0.003876,0.003024,0.008316,0.003523,Прецизионные (3-5 мм)
ZECK,24,0.010696,0.003417,0.0053,0.0178,0.000697,0.002337,0.001949,0.000804,0.003202,-0.009258,0.004615,24.333333,1.880487,22,29,188.316667,32.105135,1.0,0.001949,0.003202,0.004615,0.003417,Прецизионные (3-5 мм)
ZIM2,24,0.010079,0.004094,0.0044,0.0201,0.000836,0.002692,0.003589,0.004671,0.004312,-0.005167,0.005734,24.125,2.507597,18,29,184.191667,46.274868,1.0,0.003589,0.004312,0.005734,0.004094,Прецизионные (3-5 мм)
ZIM3,20,0.01242,0.005703,0.0051,0.0266,0.001275,0.004355,0.004012,0.007125,0.00573,-0.002895,0.007981,23.75,2.314144,18,28,172.49,55.718625,1.25,0.004012,0.00573,0.007981,0.005703,Высокоточные (5-8 мм)
