station,n_meas,bias_N,skp_N,bias_E,skp_E,bias_U,skp_U,rms_3d,std_3d,mean_3d,nsat_mean,duration_mean,q_fix_ratio,skp_3D,category
ABMF,32,0.008666,0.006028,-0.003428,0.006299,-0.003463,0.009166,0.015934,0.006943,0.014394,20.6875,142.528125,1.0,0.006943,Пониженной точности (12-20 мм)
AGGO,36,-0.000225,0.004561,0.001422,0.00555,0.006369,0.010736,0.014317,0.007832,0.012056,20.444444,152.341667,0.944444,0.007832,Пониженной точности (12-20 мм)
AJAC,36,0.003197,0.003058,0.004169,0.003979,-0.012761,0.007149,0.016271,0.00665,0.014892,22.666667,161.513889,1.0,0.00665,Пониженной точности (12-20 мм)
ALAC,35,0.000934,0.002503,0.006169,0.005441,-0.007214,0.005852,0.012609,0.004931,0.011634,23.028571,161.265714,1.0,0.004931,Пониженной точности (12-20 мм)
ALBH,36,0.002794,0.002879,-0.002747,0.003116,-0.000536,0.006069,0.008301,0.003242,0.007661,22.583333,187.091667,1.0,0.003242,Средней точности (8-12 мм)
ALGO,35,0.005289,0.003116,0.005614,0.003923,-0.005434,0.004403,0.011506,0.003337,0.011026,23.371429,185.177143,1.0,0.003337,Средней точности (8-12 мм)
ALIC,35,0.000469,0.004134,-0.002277,0.0072,0.011194,0.007144,0.015708,0.005709,0.014666,23.285714,160.611429,0.942857,0.005709,Пониженной точности (12-20 мм)
AMC4,34,5.6e-05,0.002232,0.001682,0.003057,0.008085,0.006614,0.01116,0.005618,0.009691,20.941176,194.341176,1.0,0.005618,Средней точности (8-12 мм)
ANMG,34,0.002512,0.004792,0.003968,0.005832,0.001397,0.009377,0.012836,0.004546,0.012029,20.235294,180.338235,1.0,0.004546,Пониженной точности (12-20 мм)
ARHT,36,-0.001839,0.004869,-0.004919,0.002531,-0.024972,0.010806,0.028165,0.007907,0.027064,25.027778,193.425,0.944444,0.007907,Низкой точности (20-50 мм)
ARUC,33,0.000909,0.001423,0.003148,0.004174,-0.011903,0.001929,0.01322,0.001778,0.013103,24.151515,194.127273,1.0,0.001778,Пониженной точности (12-20 мм)
ASCG,38,0.00415,0.002201,0.003368,0.003759,0.003532,0.007652,0.0108,0.003799,0.010129,22.421053,179.244737,1.0,0.003799,Средней точности (8-12 мм)
BADG,29,0.002438,0.001444,0.002072,0.002964,-0.018603,0.003822,0.01953,0.00371,0.019186,24.793103,178.548276,1.0,0.00371,Пониженной точности (12-20 мм)
BAIE,29,0.001728,0.002343,0.000731,0.006593,0.010845,0.006284,0.014378,0.005968,0.013128,14.034483,72.162069,1.0,0.005968,Пониженной точности (12-20 мм)
BAKE,37,-0.000976,0.00219,0.004022,0.003195,-0.000692,0.008407,0.010058,0.00435,0.009097,26.0,204.591892,1.0,0.00435,Средней точности (8-12 мм)
BAMF,29,0.006155,0.002422,0.003838,0.004654,0.000745,0.007186,0.011364,0.001353,0.011286,21.758621,158.065517,1.0,0.001353,Средней точности (8-12 мм)
BELE,38,0.006771,0.006607,-0.000358,0.005656,0.027592,0.010197,0.031317,0.009748,0.029803,15.0,145.844737,1.0,0.009748,Низкой точности (20-50 мм)
BIK0,35,-0.000689,0.002703,-0.001351,0.003845,-0.022814,0.00816,0.024697,0.008039,0.023391,25.171429,198.557143,1.0,0.008039,Низкой точности (20-50 мм)
BOAV,33,0.006297,0.003112,0.002661,0.004344,0.006958,0.005799,0.012455,0.003331,0.012015,23.212121,199.345455,1.0,0.003331,Пониженной точности (12-20 мм)
BOGI,32,0.005312,0.003347,0.000813,0.004693,0.014966,0.005885,0.017841,0.005696,0.016938,19.46875,136.878125,1.0,0.005696,Пониженной точности (12-20 мм)
BOGT,34,0.003806,0.002003,0.003685,0.004759,0.000768,0.006575,0.009831,0.003055,0.009359,22.764706,155.923529,1.0,0.003055,Средней точности (8-12 мм)
BOR1,33,0.00353,0.003054,0.003467,0.004553,-0.002661,0.005804,0.009675,0.003952,0.008858,24.484848,193.618182,1.0,0.003952,Средней точности (8-12 мм)
BRAZ,37,5e-06,0.004705,0.000468,0.006869,0.005038,0.010682,0.014288,0.007319,0.01233,18.648649,156.651351,1.0,0.007319,Пониженной точности (12-20 мм)
BREW,36,0.002556,0.00259,0.004,0.00406,0.001889,0.005459,0.008799,0.003628,0.008039,23.444444,185.330556,1.0,0.003628,Средней точности (8-12 мм)
BRST,35,0.002154,0.003448,0.002026,0.005518,-0.004346,0.005779,0.010062,0.004326,0.009114,25.228571,190.06,1.0,0.004326,Средней точности (8-12 мм)
BRUX,36,0.004861,0.004904,0.002061,0.004415,-0.009717,0.006457,0.014307,0.005563,0.013214,27.083333,204.783333,1.0,0.005563,Пониженной точности (12-20 мм)
BSHM,38,0.003932,0.002936,0.000708,0.004886,-0.014489,0.005285,0.016864,0.004839,0.016174,23.473684,184.434211,0.973684,0.004839,Пониженной точности (12-20 мм)
BUCU,31,0.001542,0.004834,0.000239,0.005855,-0.011829,0.013536,0.019379,0.009286,0.01709,22.0,142.351613,0.935484,0.009286,Пониженной точности (12-20 мм)
CACE,33,-0.00017,0.002246,0.005421,0.004772,-0.008027,0.011002,0.015449,0.007303,0.013673,22.393939,123.457576,1.0,0.007303,Пониженной точности (12-20 мм)
CANT,29,0.003145,0.003451,0.00041,0.005346,0.013628,0.00805,0.017244,0.006989,0.015817,19.241379,122.344828,1.0,0.006989,Пониженной точности (12-20 мм)
CAS1,38,0.002092,0.005666,-0.002371,0.004282,-0.016026,0.010247,0.020443,0.006469,0.019421,23.842105,175.873684,0.947368,0.006469,Низкой точности (20-50 мм)
CCJ2,35,0.00392,0.003575,-0.00052,0.005837,-0.0101,0.011199,0.016874,0.009103,0.014291,17.142857,104.237143,0.8,0.009103,Пониженной точности (12-20 мм)
CEBR,36,0.001994,0.001964,0.005983,0.005062,-0.010669,0.005159,0.01445,0.004888,0.013622,25.333333,188.4,1.0,0.004888,Пониженной точности (12-20 мм)
CHPG,34,-0.000603,0.003329,-0.003965,0.00622,-0.002909,0.010732,0.013586,0.007295,0.011529,17.5,138.935294,0.941176,0.007295,Пониженной точности (12-20 мм)
CHPI,34,0.000944,0.004046,-0.001621,0.006116,-0.003679,0.008212,0.011592,0.004424,0.010741,20.470588,198.673529,1.0,0.004424,Средней точности (8-12 мм)
CHUR,38,0.003684,0.002308,0.007237,0.003394,-0.008179,0.009596,0.015465,0.006461,0.014089,25.394737,204.697368,1.0,0.006461,Пониженной точности (12-20 мм)
CHWK,31,0.003045,0.002077,0.002584,0.003323,0.006174,0.003333,0.008902,0.002313,0.008606,19.903226,182.487097,1.0,0.002313,Средней точности (8-12 мм)
CIBG,33,0.000533,0.005122,-0.002306,0.008804,0.003415,0.012304,0.016252,0.009013,0.013615,23.515152,173.109091,1.0,0.009013,Пониженной точности (12-20 мм)
CKIS,34,0.004526,0.005211,-0.001309,0.007912,0.006897,0.010789,0.016429,0.006946,0.014935,19.735294,151.805882,0.823529,0.006946,Пониженной точности (12-20 мм)
CMUM,38,0.006561,0.002433,0.000997,0.006548,-0.01585,0.010637,0.02124,0.007783,0.019803,17.552632,82.910526,0.973684,0.007783,Низкой точности (20-50 мм)
COCO,34,0.018988,0.007739,0.015121,0.005357,0.002385,0.017019,0.031004,0.008332,0.029897,23.088235,179.967647,1.0,0.008332,Низкой точности (20-50 мм)
CORD,35,0.000963,0.003706,-0.022974,0.004309,0.00076,0.00573,0.024339,0.004375,0.023954,22.228571,172.651429,0.914286,0.004375,Низкой точности (20-50 мм)
CPVG,38,0.005316,0.003698,0.001958,0.004652,-0.006855,0.007392,0.012906,0.005594,0.011666,23.736842,172.373684,1.0,0.005594,Пониженной точности (12-20 мм)
CRO1,37,0.0081,0.003419,0.001849,0.004951,0.006146,0.007832,0.014196,0.005597,0.013078,21.216216,162.440541,1.0,0.005597,Пониженной точности (12-20 мм)
CUIB,34,0.002715,0.002453,-0.001518,0.00469,-0.000115,0.007664,0.009698,0.002036,0.009488,24.058824,198.441176,1.0,0.002036,Средней точности (8-12 мм)
CUSV,30,0.012677,0.002209,6e-05,0.004669,-0.014607,0.010851,0.022673,0.009035,0.02086,21.433333,151.126667,1.0,0.009035,Низкой точности (20-50 мм)
CYNE,33,0.0132,0.006123,0.004161,0.006474,0.000688,0.010015,0.01913,0.006172,0.018139,22.242424,190.527273,1.0,0.006172,Пониженной точности (12-20 мм)
DAE2,33,0.002891,0.002352,0.028791,0.005395,-0.018676,0.005349,0.035321,0.005399,0.034918,16.727273,111.860606,0.939394,0.005399,Низкой точности (20-50 мм)
DARW,36,0.00195,0.00402,-0.002828,0.007981,0.003142,0.010751,0.014565,0.005977,0.013319,22.666667,173.852778,0.944444,0.005977,Пониженной точности (12-20 мм)
DAV1,17,0.002376,0.004967,-0.001365,0.0098,-0.022553,0.018561,0.030867,0.009021,0.0296,24.411765,163.482353,1.0,0.009021,Низкой точности (20-50 мм)
DGAR,34,0.001591,0.003566,0.010429,0.004788,-0.004191,0.010488,0.016449,0.005664,0.015474,23.176471,189.061765,1.0,0.005664,Пониженной точности (12-20 мм)
DJIG,36,0.002186,0.001571,-0.001908,0.003674,-0.004642,0.005524,0.008682,0.003953,0.007758,27.75,218.194444,1.0,0.003953,Средней точности (8-12 мм)
DLF1,38,0.004066,0.003458,0.001937,0.004348,-0.004116,0.006623,0.010487,0.004218,0.009626,25.763158,197.642105,1.0,0.004218,Средней точности (8-12 мм)
DRAO,36,0.001897,0.002666,0.004008,0.003819,-0.002664,0.005186,0.008592,0.003007,0.008064,23.111111,191.769444,1.0,0.003007,Средней точности (8-12 мм)
DUBO,35,0.001129,0.002672,0.000823,0.002976,-0.001646,0.006519,0.007842,0.003022,0.007254,22.371429,189.251429,1.0,0.003022,Высокоточные (5-8 мм)
DUMG,27,-0.001911,0.004097,-0.003222,0.005364,-0.018985,0.006208,0.021341,0.004949,0.020781,25.851852,186.807407,1.0,0.004949,Низкой точности (20-50 мм)
DYNG,36,0.001311,0.002292,5.6e-05,0.004633,-0.012631,0.006458,0.01511,0.005876,0.013956,23.472222,191.283333,0.972222,0.005876,Пониженной точности (12-20 мм)
EBRE,4,0.0023,0.000115,-0.00115,0.006062,-0.0029,0.002078,0.00675,5.8e-05,0.00675,24.5,193.7,1.0,5.8e-05,Высокоточные (5-8 мм)
EUR2,38,-0.002782,0.003057,0.001582,0.002973,-0.008176,0.005723,0.011261,0.004749,0.010239,27.473684,220.534211,1.0,0.004749,Средней точности (8-12 мм)
FALK,35,-0.003754,0.003819,-0.003183,0.003749,-0.008703,0.005664,0.012624,0.004731,0.011731,23.342857,184.008571,1.0,0.004731,Пониженной точности (12-20 мм)
FFMJ,37,0.001749,0.004067,0.001203,0.004008,-0.005081,0.00505,0.009329,0.002954,0.008862,26.540541,210.402703,1.0,0.002954,Средней точности (8-12 мм)
FLIN,38,-0.000961,0.003946,0.009082,0.003588,-0.009516,0.010364,0.017498,0.005302,0.016697,24.315789,201.394737,1.0,0.005302,Пониженной точности (12-20 мм)
FRDN,37,0.001146,0.002669,0.002124,0.003753,-0.006276,0.005564,0.009824,0.003746,0.009103,23.243243,189.648649,1.0,0.003746,Средней точности (8-12 мм)
GAMB,35,-0.002194,0.004856,-0.004806,0.005145,-0.008957,0.009924,0.015878,0.006928,0.014334,18.342857,126.508571,0.914286,0.006928,Пониженной точности (12-20 мм)
GAMG,38,0.004213,0.003322,0.003816,0.006779,-0.0179,0.006329,0.021129,0.006633,0.020089,21.0,162.1,1.0,0.006633,Низкой точности (20-50 мм)
GANP,31,0.002081,0.002836,0.000674,0.003218,-0.003216,0.004637,0.007309,0.002244,0.006968,22.677419,201.26129,1.0,0.002244,Высокоточные (5-8 мм)
GENO,39,-0.001,0.002886,0.004392,0.004654,-0.011528,0.007844,0.015569,0.006666,0.01411,20.179487,115.141026,0.974359,0.006666,Пониженной точности (12-20 мм)
GLPS,38,-0.000584,0.002496,0.002168,0.004675,-0.0071,0.006429,0.011086,0.003621,0.010495,24.421053,173.7,0.947368,0.003621,Средней точности (8-12 мм)
GLSV,31,-0.000384,0.003649,0.003303,0.00344,-0.000981,0.006282,0.008626,0.002619,0.008232,23.290323,126.887097,1.0,0.002619,Средней точности (8-12 мм)
GMSD,29,0.013245,0.002493,-0.003234,0.00522,-0.013921,0.008711,0.022046,0.004693,0.021559,18.034483,125.317241,0.965517,0.004693,Низкой точности (20-50 мм)
GODE,36,0.0056,0.002236,0.003289,0.003267,-0.01105,0.007877,0.015486,0.005316,0.014572,23.055556,176.358333,1.0,0.005316,Пониженной точности (12-20 мм)
GODN,29,0.003717,0.002154,0.000579,0.00439,-0.007345,0.00672,0.011611,0.004211,0.010848,22.62069,196.910345,1.0,0.004211,Средней точности (8-12 мм)
GODS,30,0.005583,0.002746,0.00169,0.003844,-0.008767,0.00858,0.014262,0.005592,0.01316,23.5,192.866667,1.0,0.005592,Пониженной точности (12-20 мм)
GOP6,39,0.001667,0.004034,0.002728,0.004939,-0.008979,0.006769,0.013248,0.005239,0.012197,25.358974,184.571795,0.974359,0.005239,Пониженной точности (12-20 мм)
GOPE,36,0.002619,0.003153,0.001347,0.004045,-0.004528,0.005358,0.009075,0.004072,0.008139,23.972222,200.022222,1.0,0.004072,Средней точности (8-12 мм)
GRAC,31,-0.000529,0.002886,0.002077,0.004871,0.001987,0.011313,0.012793,0.008673,0.009532,22.290323,162.667742,1.0,0.008673,Пониженной точности (12-20 мм)
GRAS,30,0.000787,0.003338,0.003553,0.004184,-0.01007,0.005916,0.013268,0.00511,0.01228,22.866667,156.396667,0.966667,0.00511,Пониженной точности (12-20 мм)
GRAZ,33,0.000985,0.003272,0.003061,0.00362,-0.006942,0.006694,0.011198,0.005567,0.009764,22.606061,157.212121,0.969697,0.005567,Средней точности (8-12 мм)
GUAM,29,-0.001472,0.003243,-0.00271,0.008738,0.002614,0.014912,0.017737,0.009435,0.015121,20.241379,152.951724,1.0,0.009435,Пониженной точности (12-20 мм)
HAL1,35,0.00096,0.003129,-0.001446,0.007234,0.006477,0.007335,0.012556,0.007528,0.010129,22.485714,146.365714,0.971429,0.007528,Пониженной точности (12-20 мм)
HARB,37,-0.0015,0.003559,-0.000557,0.003166,0.007686,0.006487,0.011174,0.004891,0.010078,25.540541,197.543243,1.0,0.004891,Средней точности (8-12 мм)
HERS,35,0.00136,0.003309,0.002649,0.004998,-0.006011,0.005987,0.010714,0.005003,0.009511,26.771429,200.097143,1.0,0.005003,Средней точности (8-12 мм)
HERT,37,0.001384,0.003354,0.004057,0.006129,0.005905,0.006838,0.012082,0.004157,0.011365,16.0,88.794595,1.0,0.004157,Пониженной точности (12-20 мм)
HKSL,38,0.001924,0.002477,0.004171,0.00543,-0.013463,0.009119,0.017854,0.007964,0.016032,20.289474,143.244737,1.0,0.007964,Пониженной точности (12-20 мм)
HKWS,32,0.0042,0.002707,0.002209,0.004639,-0.007869,0.006831,0.012534,0.004632,0.011675,20.6875,156.3625,1.0,0.004632,Пониженной точности (12-20 мм)
HLFX,38,0.000684,0.002881,0.003805,0.004223,-0.008747,0.006045,0.012355,0.004866,0.011384,23.552632,178.636842,1.0,0.004866,Пониженной точности (12-20 мм)
HOB2,33,-0.00377,0.004119,-0.007248,0.005098,0.004318,0.006725,0.013073,0.00538,0.011952,24.363636,175.678788,1.0,0.00538,Пониженной точности (12-20 мм)
HOFN,37,0.000576,0.003706,0.005111,0.005609,0.002324,0.008685,0.012207,0.004181,0.011489,25.162162,202.418919,1.0,0.004181,Пониженной точности (12-20 мм)
HOLB,35,0.002374,0.002951,0.003446,0.004099,0.004151,0.004105,0.008708,0.002681,0.008297,25.0,193.648571,1.0,0.002681,Средней точности (8-12 мм)
HRAO,26,0.004173,0.002954,-0.002438,0.003709,0.004927,0.004855,0.009578,0.003011,0.009112,24.538462,177.703846,1.0,0.003011,Средней точности (8-12 мм)
IENG,31,0.001613,0.003151,0.00481,0.00552,-0.008942,0.004315,0.012773,0.00309,0.012406,22.741935,132.229032,1.0,0.00309,Пониженной точности (12-20 мм)
IISC,27,0.000704,0.00223,-0.001578,0.004474,-0.017504,0.007432,0.019658,0.007524,0.018219,19.814815,106.748148,0.925926,0.007524,Пониженной точности (12-20 мм)
IMPZ,36,0.002947,0.00367,0.003333,0.005557,0.007194,0.009444,0.014211,0.006382,0.012742,20.861111,186.441667,1.0,0.006382,Пониженной точности (12-20 мм)
IQAL,34,0.001653,0.003222,0.001647,0.003399,-0.002621,0.004419,0.007235,0.002482,0.006809,27.264706,213.552941,1.0,0.002482,Высокоточные (5-8 мм)
JCTW,24,0.005192,0.005814,0.000762,0.00841,0.0095,0.011399,0.018489,0.006481,0.017367,14.375,68.9125,1.0,0.006481,Пониженной точности (12-20 мм)
JOG2,35,-0.000637,0.004684,0.005209,0.007309,-0.002697,0.010313,0.014541,0.007258,0.01266,23.142857,173.754286,1.0,0.007258,Пониженной точности (12-20 мм)
JOZ2,37,0.004062,0.003025,0.002165,0.003118,-0.0042,0.006135,0.009692,0.00359,0.009022,24.297297,201.189189,1.0,0.00359,Средней точности (8-12 мм)
JOZE,36,0.006614,0.002716,0.003225,0.003726,0.003961,0.006281,0.011334,0.002569,0.011047,24.222222,195.786111,1.0,0.002569,Средней точности (8-12 мм)
JPLM,32,0.001891,0.002618,0.000269,0.002767,0.001472,0.005543,0.007043,0.003454,0.006169,21.3125,160.9375,1.0,0.003454,Высокоточные (5-8 мм)
KARR,19,0.012221,0.004573,-0.001647,0.006682,0.011742,0.010841,0.021489,0.006391,0.020568,23.631579,197.126316,0.947368,0.006391,Низкой точности (20-50 мм)
KAT1,37,-0.002376,0.006554,-0.004668,0.006738,0.000678,0.013246,0.016868,0.008323,0.014735,23.486486,172.272973,1.0,0.008323,Пониженной точности (12-20 мм)
KERG,37,-0.003132,0.005319,-0.00473,0.005383,-0.006749,0.008747,0.014419,0.00732,0.012481,20.243243,151.102703,1.0,0.00732,Пониженной точности (12-20 мм)
KIR0,30,0.001973,0.002872,0.002767,0.00301,-0.002483,0.005959,0.008294,0.001749,0.008113,26.133333,211.093333,1.0,0.001749,Средней точности (8-12 мм)
KIR8,33,0.002861,0.002907,0.002312,0.004725,-0.004561,0.010157,0.012817,0.003498,0.012345,25.484848,204.606061,1.0,0.003498,Пониженной точности (12-20 мм)
KIRI,34,-0.000168,0.004624,-0.003674,0.004693,-0.002962,0.011156,0.013609,0.006782,0.011856,22.941176,177.985294,0.970588,0.006782,Пониженной точности (12-20 мм)
KIRU,36,0.001231,0.002524,0.000575,0.003465,-0.011517,0.006629,0.013977,0.005208,0.013,27.861111,219.241667,1.0,0.005208,Пониженной точности (12-20 мм)
KIT3,36,0.000689,0.002823,-0.002464,0.004223,-0.009831,0.004742,0.012256,0.004251,0.011517,21.055556,151.591667,1.0,0.004251,Пониженной точности (12-20 мм)
KITG,35,0.001089,0.002465,-0.00646,0.00357,-0.012109,0.004132,0.014968,0.004051,0.014426,24.571429,181.691429,1.0,0.004051,Пониженной точности (12-20 мм)
KOKB,27,0.008296,0.005454,0.000304,0.00605,0.010189,0.009361,0.01793,0.006971,0.016574,20.592593,132.92963,1.0,0.006971,Пониженной точности (12-20 мм)
KOKV,28,0.007618,0.00503,0.001443,0.007042,0.004939,0.006895,0.014248,0.00539,0.013229,19.25,143.285714,1.0,0.00539,Пониженной точности (12-20 мм)
KOS1,37,0.001824,0.004674,0.005146,0.004571,-0.002241,0.007188,0.01126,0.004448,0.01037,26.918919,202.427027,1.0,0.004448,Средней точности (8-12 мм)
KOUG,38,0.012732,0.00597,0.004471,0.004382,-0.003755,0.010566,0.018934,0.006018,0.017979,24.368421,195.736842,1.0,0.006018,Пониженной точности (12-20 мм)
KOUR,34,0.011059,0.005152,0.003624,0.007623,-0.000432,0.010039,0.017759,0.004845,0.017106,24.176471,196.552941,1.0,0.004845,Пониженной точности (12-20 мм)
KRGG,38,-0.003682,0.00355,0.000845,0.004388,0.000184,0.008313,0.010605,0.004397,0.009676,20.710526,161.334211,1.0,0.004397,Средней точности (8-12 мм)
LAMA,18,0.004456,0.002102,0.000233,0.002866,-0.006789,0.008306,0.011945,0.003848,0.011344,20.555556,127.766667,1.0,0.003848,Средней точности (8-12 мм)
LAUT,34,0.0014,0.005418,-0.001982,0.005576,0.003856,0.014915,0.017178,0.008822,0.014818,21.294118,157.076471,0.911765,0.008822,Пониженной точности (12-20 мм)
LCK4,32,0.002725,0.002367,-0.001903,0.004147,0.017166,0.007525,0.019572,0.00403,0.019166,24.96875,157.928125,1.0,0.00403,Пониженной точности (12-20 мм)
LEIJ,37,0.003665,0.003829,0.000589,0.004496,-0.001873,0.006367,0.009526,0.004029,0.008657,26.243243,210.975676,1.0,0.004029,Средней точности (8-12 мм)
LMMF,38,0.002287,0.005887,-0.001871,0.00584,0.006863,0.013674,0.017465,0.007168,0.015968,22.157895,156.202632,1.0,0.007168,Пониженной точности (12-20 мм)
LPAL,35,0.00292,0.002125,0.00256,0.003662,-0.004269,0.005942,0.009202,0.003337,0.008594,21.371429,144.388571,1.0,0.003337,Средней точности (8-12 мм)
LPGS,35,-0.003277,0.002949,-0.019334,0.003408,-0.00252,0.007816,0.02168,0.004205,0.02128,18.828571,161.531429,1.0,0.004205,Низкой точности (20-50 мм)
LROC,33,0.002624,0.003299,0.002939,0.004617,-0.010112,0.007506,0.014278,0.004947,0.013421,22.30303,131.293939,1.0,0.004947,Пониженной точности (12-20 мм)
M0SE,32,0.001769,0.002645,0.004372,0.003585,-0.004369,0.004531,0.008959,0.003481,0.008278,22.46875,159.44375,1.0,0.003481,Средней точности (8-12 мм)
MADR,37,0.003238,0.002355,0.004032,0.00379,-0.012119,0.007276,0.015638,0.006404,0.014305,23.945946,169.389189,1.0,0.006404,Пониженной точности (12-20 мм)
MAJU,35,0.007637,0.007307,-0.002003,0.009084,-0.011689,0.015424,0.023701,0.011882,0.020606,22.057143,168.357143,0.971429,0.011882,Низкой точности (20-50 мм)
MAL2,37,0.004478,0.002545,0.005254,0.00651,-0.004562,0.006293,0.012446,0.00458,0.011597,25.72973,218.202703,1.0,0.00458,Пониженной точности (12-20 мм)
MALL,36,0.002472,0.002763,0.002433,0.004088,-0.015531,0.006741,0.017938,0.006091,0.016903,21.777778,147.438889,0.972222,0.006091,Пониженной точности (12-20 мм)
MARS,34,-0.000174,0.002967,0.001559,0.005861,-0.021559,0.007651,0.023774,0.007669,0.022541,21.352941,136.067647,1.0,0.007669,Низкой точности (20-50 мм)
MAS1,36,-0.000167,0.00212,0.002517,0.003956,-0.003972,0.005415,0.008374,0.003415,0.007667,25.527778,172.525,1.0,0.003415,Средней точности (8-12 мм)
MAT1,32,0.0019,0.00314,0.005328,0.004943,-0.016859,0.005522,0.019475,0.005462,0.018719,20.84375,141.325,0.96875,0.005462,Пониженной точности (12-20 мм)
MATE,35,0.001806,0.003258,0.005409,0.004338,-0.010671,0.008927,0.015875,0.006201,0.014651,20.971429,149.722857,1.0,0.006201,Пониженной точности (12-20 мм)
MATG,28,0.0033,0.002779,0.003432,0.004186,-0.014064,0.003647,0.016081,0.002143,0.015943,20.892857,128.814286,1.0,0.002143,Пониженной точности (12-20 мм)
MAW1,19,0.002042,0.002953,0.000247,0.003483,-0.017805,0.006123,0.019356,0.005577,0.018579,23.736842,183.489474,0.894737,0.005577,Пониженной точности (12-20 мм)
MBAR,33,0.004894,0.002458,-0.001139,0.003973,-0.007136,0.005221,0.011134,0.003608,0.010552,28.030303,211.230303,1.0,0.003608,Средней точности (8-12 мм)
MCHL,34,0.001738,0.004368,-0.002756,0.005434,0.002629,0.007126,0.010666,0.002985,0.010253,22.647059,155.408824,1.0,0.002985,Средней точности (8-12 мм)
MCIL,30,0.00329,0.004428,0.003323,0.006522,0.002047,0.0103,0.013729,0.005714,0.012527,19.0,112.87,0.9,0.005714,Пониженной точности (12-20 мм)
MDO1,37,0.004635,0.002164,0.000368,0.002794,-0.007505,0.008215,0.012482,0.005305,0.011332,21.567568,179.818919,1.0,0.005305,Пониженной точности (12-20 мм)
MDVJ,29,0.003434,0.003749,-0.000455,0.007868,0.026217,0.009829,0.029452,0.009229,0.028021,13.655172,42.496552,0.931034,0.009229,Низкой точности (20-50 мм)
MEDI,37,0.002143,0.003901,0.002049,0.005367,-0.010235,0.007089,0.014322,0.004188,0.013714,20.621622,116.610811,0.972973,0.004188,Пониженной точности (12-20 мм)
MELI,36,0.003333,0.003139,0.003119,0.004671,-0.013767,0.008598,0.017706,0.006382,0.01655,22.0,149.255556,1.0,0.006382,Пониженной точности (12-20 мм)
MET3,37,0.003076,0.002952,0.000451,0.002937,-0.001114,0.006173,0.008036,0.003143,0.007414,27.378378,217.389189,1.0,0.003143,Средней точности (8-12 мм)
METG,32,0.003084,0.002905,0.00065,0.00257,-0.001853,0.004974,0.007215,0.001587,0.007044,26.9375,220.028125,1.0,0.001587,Высокоточные (5-8 мм)
MIKL,37,0.000786,0.003749,0.002262,0.005408,-0.005941,0.007525,0.011752,0.005465,0.010443,21.567568,141.808108,1.0,0.005465,Средней точности (8-12 мм)
MKEA,33,-0.000145,0.001896,-0.002679,0.004676,0.004788,0.006821,0.010001,0.006135,0.00797,22.848485,154.990909,0.939394,0.006135,Средней точности (8-12 мм)
MOBS,35,-0.003811,0.004165,-0.008386,0.0054,0.007334,0.006382,0.014958,0.005032,0.014111,23.742857,164.671429,0.942857,0.005032,Пониженной точности (12-20 мм)
MRC1,25,0.00532,0.002409,0.002096,0.003653,-0.006624,0.009397,0.013421,0.006916,0.011584,23.08,190.608,1.0,0.006916,Пониженной точности (12-20 мм)
MRO1,30,-0.00385,0.006551,-0.00132,0.005329,0.00778,0.013215,0.017725,0.0096,0.015003,21.733333,148.046667,0.933333,0.0096,Пониженной точности (12-20 мм)
NANO,36,0.002369,0.002786,0.005022,0.00412,0.004089,0.005711,0.01016,0.003748,0.009464,24.638889,196.447222,1.0,0.003748,Средней точности (8-12 мм)
NAUR,35,0.002311,0.005154,-0.005666,0.006859,0.003866,0.008602,0.013992,0.007138,0.012094,23.828571,187.745714,1.0,0.007138,Пониженной точности (12-20 мм)
NAUS,38,0.005205,0.00404,-0.001203,0.005313,0.01265,0.005875,0.016291,0.006035,0.015163,23.526316,185.018421,1.0,0.006035,Пониженной точности (12-20 мм)
NICO,32,0.001584,0.002172,0.002191,0.005226,-0.016412,0.006878,0.018849,0.006821,0.017612,23.25,175.190625,1.0,0.006821,Пониженной точности (12-20 мм)
NIST,26,0.002854,0.002782,0.002696,0.003586,-0.000408,0.006815,0.008951,0.003079,0.008427,19.423077,149.480769,1.0,0.003079,Средней точности (8-12 мм)
NIUM,34,0.0101,0.005673,-0.029226,0.004611,0.001588,0.007354,0.032608,0.004948,0.032241,21.764706,164.385294,1.0,0.004948,Низкой точности (20-50 мм)
NKLG,38,0.002732,0.003009,0.002645,0.003901,-0.002697,0.007426,0.009957,0.004143,0.009079,25.710526,209.060526,1.0,0.004143,Средней точности (8-12 мм)
NLIB,34,0.002376,0.001684,0.003088,0.003759,-0.001865,0.00813,0.009962,0.002426,0.009671,19.323529,155.197059,1.0,0.002426,Средней точности (8-12 мм)
NNOR,38,-0.002039,0.004723,0.000284,0.004989,0.005882,0.008606,0.012532,0.006196,0.010939,20.368421,136.568421,0.894737,0.006196,Пониженной точности (12-20 мм)
NOT1,36,-0.000989,0.002172,0.006322,0.004462,-0.011733,0.008356,0.016429,0.007485,0.014678,21.222222,143.394444,1.0,0.007485,Пониженной точности (12-20 мм)
NRC1,37,0.001657,0.003021,0.003286,0.002869,-0.007765,0.006289,0.011358,0.004697,0.01037,22.27027,173.324324,1.0,0.004697,Средней точности (8-12 мм)
NVSK,33,-0.002436,0.001248,-0.002648,0.003538,0.029391,0.003914,0.030087,0.004004,0.029827,15.666667,109.560606,1.0,0.004004,Низкой точности (20-50 мм)
NYA2,38,0.001384,0.002873,-0.000645,0.003408,-0.010995,0.006764,0.013677,0.006426,0.012118,28.578947,224.602632,1.0,0.006426,Пониженной точности (12-20 мм)
OBE4,36,0.003756,0.004591,0.003522,0.005019,-0.005394,0.008465,0.013066,0.005882,0.011708,23.777778,184.758333,0.972222,0.005882,Пониженной точности (12-20 мм)
OHI3,27,-0.004404,0.003147,0.002315,0.004333,-0.022478,0.005579,0.02424,0.00544,0.023644,24.555556,185.007407,1.0,0.00544,Низкой точности (20-50 мм)
ONS1,38,0.001163,0.003023,0.003974,0.003916,-0.007205,0.006103,0.01137,0.004847,0.010316,23.842105,186.386842,0.973684,0.004847,Средней точности (8-12 мм)
ONSA,33,0.0018,0.002767,0.003394,0.00372,-0.007497,0.007091,0.011843,0.005406,0.010579,24.575758,188.539394,1.0,0.005406,Средней точности (8-12 мм)
ORID,35,0.001166,0.002973,0.001049,0.003851,-0.010909,0.006416,0.013606,0.006268,0.012123,22.171429,135.091429,0.942857,0.006268,Пониженной точности (12-20 мм)
PADO,35,0.00206,0.002802,0.00188,0.003984,-0.00838,0.004549,0.010991,0.003788,0.010337,21.971429,159.351429,1.0,0.003788,Средней точности (8-12 мм)
PARC,23,-0.008109,0.005318,-0.003335,0.003859,-0.017752,0.008567,0.022434,0.008672,0.02077,24.086957,189.878261,1.0,0.008672,Низкой точности (20-50 мм)
PARK,14,0.001214,0.003886,-0.006964,0.005157,-0.004871,0.00732,0.012733,0.00472,0.011893,25.714286,204.042857,1.0,0.00472,Пониженной точности (12-20 мм)
PENC,35,0.004506,0.003654,0.001449,0.008087,-0.003749,0.010737,0.014986,0.005804,0.013851,14.457143,64.531429,0.942857,0.005804,Пониженной точности (12-20 мм)
PERT,33,-0.005358,0.003416,-0.00613,0.005029,0.011197,0.011441,0.018826,0.007765,0.017203,18.424242,114.054545,0.848485,0.007765,Пониженной точности (12-20 мм)
PGEN,11,0.006836,0.002739,-0.001382,0.002495,0.001073,0.006219,0.009861,0.002362,0.0096,21.454545,177.145455,1.0,0.002362,Средней точности (8-12 мм)
PICL,36,0.006383,0.003009,0.002906,0.003263,-0.006642,0.00706,0.012678,0.005086,0.011644,22.722222,195.391667,1.0,0.005086,Пониженной точности (12-20 мм)
PIE1,37,0.004714,0.001613,0.00203,0.003153,-0.005797,0.006608,0.010713,0.003486,0.010146,20.567568,174.832432,1.0,0.003486,Средней точности (8-12 мм)
PIMO,33,0.001918,0.002479,-0.003918,0.006146,-0.024839,0.010961,0.028166,0.010637,0.026145,18.363636,102.663636,0.939394,0.010637,Низкой точности (20-50 мм)
PNGM,7,0.001886,0.00368,0.001243,0.006265,0.013257,0.017244,0.021904,0.010052,0.019829,25.428571,205.885714,1.0,0.010052,Низкой точности (20-50 мм)
POAL,36,-0.003694,0.004497,-3.1e-05,0.003981,-0.000578,0.008505,0.010942,0.004491,0.010006,20.777778,170.211111,0.944444,0.004491,Средней точности (8-12 мм)
POL2,28,0.002171,0.001348,-0.001725,0.003254,-0.0133,0.004298,0.014648,0.004387,0.014,25.0,180.546429,1.0,0.004387,Пониженной точности (12-20 мм)
POLV,33,-0.000952,0.004356,0.00233,0.006784,-0.003158,0.009533,0.012939,0.006915,0.011003,22.939394,102.548485,1.0,0.006915,Пониженной точности (12-20 мм)
POTS,35,0.002797,0.004982,0.00286,0.004791,-0.01464,0.00708,0.018069,0.007589,0.016449,26.4,209.128571,1.0,0.007589,Пониженной точности (12-20 мм)
POVE,35,0.00302,0.003574,0.002054,0.005038,0.009889,0.008527,0.014813,0.005666,0.01372,24.114286,186.08,1.0,0.005666,Пониженной точности (12-20 мм)
PRDS,32,0.000612,0.002514,0.000412,0.003647,0.001219,0.008204,0.009302,0.004865,0.007975,22.1875,169.33125,1.0,0.004865,Средней точности (8-12 мм)
PTAG,20,0.003915,0.003886,-0.001005,0.006051,-0.011645,0.015197,0.020488,0.007762,0.01904,19.65,145.695,0.8,0.007762,Низкой точности (20-50 мм)
PTBB,35,0.003357,0.004418,0.0029,0.003874,-0.006931,0.007955,0.012751,0.004882,0.011809,23.971429,164.777143,1.0,0.004882,Пониженной точности (12-20 мм)
PTGG,34,0.001194,0.005693,0.000444,0.00785,-0.008429,0.006327,0.014237,0.006443,0.012744,22.0,175.867647,1.0,0.006443,Пониженной точности (12-20 мм)
QAQ1,36,0.000769,0.002537,-1.4e-05,0.002977,0.003456,0.00637,0.008186,0.00285,0.007689,24.888889,202.011111,1.0,0.00285,Средней точности (8-12 мм)
QUIN,34,0.001815,0.003268,0.000765,0.004832,-0.003106,0.005603,0.008785,0.004266,0.007715,20.264706,182.202941,1.0,0.004266,Средней точности (8-12 мм)
RABT,26,0.002827,0.002512,0.002812,0.005496,-0.0079,0.006751,0.012528,0.004939,0.011554,24.884615,156.934615,1.0,0.004939,Пониженной точности (12-20 мм)
RAEG,35,0.007597,0.004829,0.002831,0.004067,-0.002066,0.00641,0.012179,0.004042,0.011509,23.057143,173.988571,1.0,0.004042,Пониженной точности (12-20 мм)
REDU,35,-0.003017,0.00331,0.003703,0.005044,-0.001374,0.005589,0.009511,0.003172,0.008983,22.971429,185.548571,1.0,0.003172,Средней точности (8-12 мм)
REUN,33,0.002073,0.004104,-0.001073,0.003649,0.002467,0.009862,0.011632,0.004845,0.010609,21.545455,159.621212,0.969697,0.004845,Средней точности (8-12 мм)
REYK,37,0.004508,0.003111,-0.0043,0.004848,-0.004051,0.011468,0.014683,0.006036,0.013422,25.297297,195.1,1.0,0.006036,Пониженной точности (12-20 мм)
RGDG,33,-0.005015,0.004112,0.00347,0.002642,-0.009033,0.004962,0.012892,0.004076,0.012252,25.121212,175.775758,1.0,0.004076,Пониженной точности (12-20 мм)
RIGA,36,0.005781,0.003535,0.000139,0.0023,0.009803,0.007984,0.014455,0.006363,0.013022,17.138889,115.844444,1.0,0.006363,Пониженной точности (12-20 мм)
RIO2,29,-0.005038,0.003953,0.002148,0.003388,-0.011966,0.004195,0.014678,0.003384,0.014297,25.896552,187.855172,1.0,0.003384,Пониженной точности (12-20 мм)
ROAG,30,0.000777,0.003286,3e-06,0.004205,-0.006793,0.00907,0.012396,0.00574,0.011037,22.533333,130.813333,0.966667,0.00574,Пониженной точности (12-20 мм)
SALU,37,0.002105,0.005897,0.007492,0.007656,0.018259,0.013881,0.025952,0.009074,0.024359,19.243243,168.918919,1.0,0.009074,Низкой точности (20-50 мм)
SASK,35,0.001546,0.002634,0.00506,0.003847,0.009083,0.007682,0.013751,0.004558,0.012997,22.771429,179.725714,1.0,0.004558,Пониженной точности (12-20 мм)
SAVO,29,0.002266,0.005378,0.000441,0.006407,0.002845,0.011618,0.014554,0.00691,0.012872,19.37931,176.486207,1.0,0.00691,Пониженной точности (12-20 мм)
SCH2,35,-0.002334,0.005171,0.001237,0.003803,0.000649,0.006117,0.009151,0.004898,0.007774,23.971429,195.354286,1.0,0.004898,Средней точности (8-12 мм)
SCOR,35,0.003026,0.003423,0.004157,0.003663,0.0018,0.006623,0.009833,0.003877,0.00906,25.457143,214.108571,1.0,0.003877,Средней точности (8-12 мм)
SCRZ,31,0.005735,0.002934,-0.002784,0.005582,0.003671,0.006641,0.011628,0.004674,0.010681,19.516129,138.812903,1.0,0.004674,Средней точности (8-12 мм)
SCUB,35,0.001066,0.004732,0.004354,0.004756,0.001129,0.010384,0.013026,0.007192,0.010929,21.285714,153.525714,1.0,0.007192,Пониженной точности (12-20 мм)
SEY2,33,0.001585,0.004446,0.000642,0.007166,-0.004794,0.012029,0.015334,0.007425,0.013479,21.424242,169.878788,1.0,0.007425,Пониженной точности (12-20 мм)
SEYG,37,-0.003773,0.0067,-0.000541,0.004951,0.009108,0.009062,0.015641,0.004839,0.014895,24.810811,214.648649,1.0,0.004839,Пониженной точности (12-20 мм)
SFER,31,-0.004071,0.003021,0.0004,0.004033,-0.008726,0.007015,0.012879,0.004909,0.011939,22.354839,154.551613,1.0,0.004909,Пониженной точности (12-20 мм)
SGOC,12,0.002933,0.004177,-0.001658,0.003659,-0.005358,0.00557,0.009853,0.003987,0.009083,26.416667,206.091667,1.0,0.003987,Средней точности (8-12 мм)
SOD3,33,0.001188,0.002716,0.002876,0.00312,-0.004406,0.005035,0.00839,0.002902,0.007888,28.121212,220.245455,1.0,0.002902,Средней точности (8-12 мм)
SOFI,34,-0.001215,0.004083,-0.004718,0.006371,-0.011318,0.014974,0.020624,0.01169,0.017109,21.852941,160.988235,1.0,0.01169,Низкой точности (20-50 мм)
SOLO,32,0.015425,0.004021,-0.002738,0.005537,0.007553,0.008908,0.020603,0.005105,0.019981,24.03125,191.0,1.0,0.005105,Низкой точности (20-50 мм)
SPT0,36,0.002306,0.002788,0.00215,0.003381,-0.006903,0.007147,0.011213,0.005215,0.009964,24.222222,184.102778,1.0,0.005215,Средней точности (8-12 мм)
STHL,32,0.002037,0.002212,-0.001466,0.003124,0.001209,0.004887,0.006714,0.002677,0.006175,25.71875,192.95,1.0,0.002677,Высокоточные (5-8 мм)
STJ3,34,0.00135,0.00327,0.000868,0.0037,-0.006324,0.004958,0.009482,0.00301,0.009006,25.970588,198.352941,1.0,0.00301,Средней точности (8-12 мм)
STJO,32,0.001944,0.003386,0.001753,0.003685,-0.006344,0.005381,0.009973,0.003534,0.009347,25.34375,189.9375,1.0,0.003534,Средней точности (8-12 мм)
STPM,34,0.002503,0.003754,0.00555,0.003354,-0.003859,0.004029,0.009599,0.002667,0.009232,24.058824,197.832353,1.0,0.002667,Средней точности (8-12 мм)
STR1,35,-0.002051,0.003886,-0.005557,0.0068,0.002906,0.008531,0.013193,0.005833,0.011874,22.628571,151.145714,0.885714,0.005833,Пониженной точности (12-20 мм)
STR2,32,-0.001594,0.004774,-0.006234,0.007035,0.006425,0.004838,0.013247,0.004768,0.012388,21.90625,128.771875,0.90625,0.004768,Пониженной точности (12-20 мм)
SULP,17,0.003229,0.002749,0.002765,0.004229,-0.008853,0.006747,0.012758,0.006059,0.011324,22.235294,194.935294,1.0,0.006059,Пониженной точности (12-20 мм)
SUTH,27,-0.002778,0.002948,-0.002822,0.004522,0.007859,0.007552,0.012675,0.005543,0.011448,25.259259,186.462963,1.0,0.005543,Пониженной точности (12-20 мм)
SUTM,37,-0.004065,0.002453,-0.002905,0.003348,-0.00247,0.005576,0.008846,0.003585,0.008108,25.540541,197.435135,1.0,0.003585,Средней точности (8-12 мм)
SVTL,32,0.001609,0.002328,-0.001797,0.002475,0.003347,0.007882,0.00939,0.004033,0.008509,25.4375,200.6625,1.0,0.004033,Средней точности (8-12 мм)
TASH,36,0.004072,0.002426,0.002306,0.003067,-0.019119,0.00345,0.02036,0.003603,0.020047,22.888889,175.522222,1.0,0.003603,Низкой точности (20-50 мм)
THTG,35,0.006857,0.005699,-0.00116,0.008336,0.017254,0.010523,0.023528,0.010226,0.02126,20.028571,171.362857,1.0,0.010226,Низкой точности (20-50 мм)
THU2,35,0.001154,0.002991,-0.000783,0.003191,-0.002323,0.005608,0.007518,0.002721,0.007023,25.657143,215.434286,1.0,0.002721,Высокоточные (5-8 мм)
TID1,30,-0.0015,0.00467,-0.0046,0.007289,-0.002783,0.007702,0.012684,0.006771,0.010797,23.5,144.306667,0.866667,0.006771,Пониженной точности (12-20 мм)
TIT2,35,0.000934,0.004404,-0.000666,0.004625,-0.006129,0.006656,0.011036,0.003882,0.010351,26.457143,198.608571,0.971429,0.003882,Средней точности (8-12 мм)
TLSE,37,0.000268,0.002588,0.002638,0.003777,-0.002524,0.006038,0.008328,0.003982,0.007343,24.351351,190.883784,1.0,0.003982,Средней точности (8-12 мм)
TLSG,33,0.00093,0.002131,0.000518,0.004122,-0.002888,0.003416,0.00646,0.002345,0.006033,26.151515,197.766667,1.0,0.002345,Высокоточные (5-8 мм)
TOPL,32,0.002872,0.002902,-0.000431,0.003651,-0.000569,0.006524,0.008446,0.003839,0.007553,21.34375,199.04375,1.0,0.003839,Средней точности (8-12 мм)
TOW2,37,-0.002273,0.007757,-0.004559,0.009351,0.007251,0.015827,0.02158,0.008304,0.019965,23.216216,158.613514,0.972973,0.008304,Низкой точности (20-50 мм)
TUVA,34,-0.005329,0.006297,-0.000665,0.005866,0.008697,0.010436,0.016796,0.007873,0.014897,22.441176,182.497059,0.911765,0.007873,Пониженной точности (12-20 мм)
TWTF,31,-0.003552,0.004436,0.00381,0.004624,-0.012584,0.008615,0.017231,0.006712,0.015916,19.290323,136.13871,1.0,0.006712,Пониженной точности (12-20 мм)
UCLU,29,-0.002066,0.002738,0.002514,0.003468,0.00029,0.004258,0.00685,0.002232,0.00649,22.137931,180.941379,1.0,0.002232,Высокоточные (5-8 мм)
UFPR,34,-0.000697,0.002713,-0.001024,0.003385,0.001391,0.006007,0.007543,0.003213,0.006847,19.764706,179.247059,0.941176,0.003213,Высокоточные (5-8 мм)
ULAB,26,0.002127,0.001169,0.003088,0.003875,-0.017019,0.004546,0.018381,0.004245,0.017904,24.615385,181.565385,1.0,0.004245,Пониженной точности (12-20 мм)
UNB3,24,-0.0003,0.003395,0.002575,0.003401,-0.004754,0.005858,0.00917,0.003756,0.0084,22.666667,171.008333,0.958333,0.003756,Средней точности (8-12 мм)
UNSA,34,-0.000835,0.00395,0.003259,0.004786,-0.007847,0.004456,0.011389,0.004026,0.010676,22.941176,198.691176,1.0,0.004026,Средней точности (8-12 мм)
USN7,36,0.003636,0.0024,0.001428,0.003507,-0.011636,0.007525,0.014954,0.004931,0.014142,21.0,183.811111,1.0,0.004931,Пониженной точности (12-20 мм)
USN8,37,0.003338,0.002462,0.002508,0.003329,-0.010043,0.007894,0.013982,0.005176,0.013016,20.702703,172.537838,1.0,0.005176,Пониженной точности (12-20 мм)
UTQI,38,0.001416,0.003619,-0.005558,0.003464,0.007724,0.007252,0.012966,0.005066,0.011963,24.631579,193.847368,1.0,0.005066,Пониженной точности (12-20 мм)
VACS,33,-0.000124,0.003623,0.000621,0.006124,0.002012,0.013147,0.014861,0.008243,0.012448,23.545455,187.909091,1.0,0.008243,Пониженной точности (12-20 мм)
VALD,32,0.006809,0.002799,0.000484,0.003078,0.016903,0.004307,0.01915,0.004473,0.018638,14.375,87.890625,1.0,0.004473,Пониженной точности (12-20 мм)
VILL,35,0.006157,0.002023,0.007114,0.00481,-0.0047,0.006436,0.013322,0.004146,0.01268,24.885714,170.345714,1.0,0.004146,Пониженной точности (12-20 мм)
VIS0,34,0.001932,0.004167,0.004926,0.003909,-0.003206,0.005317,0.009885,0.004228,0.008965,24.941176,185.361765,1.0,0.004228,Средней точности (8-12 мм)
VOIM,7,0.000829,0.003815,0.005471,0.002752,0.003614,0.010994,0.012901,0.005308,0.011929,23.714286,163.028571,1.0,0.005308,Пониженной точности (12-20 мм)
WAB2,32,0.002447,0.00424,-0.000622,0.006606,-0.004256,0.008776,0.012583,0.00503,0.011569,16.5625,49.565625,0.9375,0.00503,Пониженной точности (12-20 мм)
WARN,35,0.002523,0.003477,0.002637,0.004336,-0.00174,0.007049,0.009716,0.004691,0.008546,26.285714,202.44,1.0,0.004691,Средней точности (8-12 мм)
WHIT,32,0.003547,0.002643,0.002006,0.003675,0.008381,0.005541,0.011686,0.004273,0.010903,26.4375,198.8375,1.0,0.004273,Средней точности (8-12 мм)
WILL,35,0.00074,0.0027,0.002494,0.003493,-0.001129,0.011875,0.012813,0.006513,0.011089,25.085714,187.057143,1.0,0.006513,Пониженной точности (12-20 мм)
WIND,33,-0.002721,0.003317,0.000382,0.00452,-0.008012,0.006806,0.012121,0.005268,0.010955,26.636364,197.484848,1.0,0.005268,Пониженной точности (12-20 мм)
WROC,35,0.003406,0.003951,0.003766,0.004192,-0.007583,0.006619,0.012576,0.005299,0.01144,23.514286,181.271429,0.971429,0.005299,Пониженной точности (12-20 мм)
WSRT,31,0.003555,0.004179,0.002816,0.004813,-0.006423,0.007795,0.012644,0.005773,0.011297,24.16129,172.022581,0.967742,0.005773,Пониженной точности (12-20 мм)
WTZR,34,0.001868,0.003721,0.003647,0.004539,-0.006556,0.007112,0.011951,0.005318,0.010741,23.5,180.75,1.0,0.005318,Средней точности (8-12 мм)
WTZZ,34,0.002138,0.00356,0.002409,0.004592,-0.007268,0.007253,0.012109,0.005223,0.010962,25.764706,205.626471,1.0,0.005223,Пониженной точности (12-20 мм)
WUH2,34,-0.000432,0.002872,0.000988,0.004822,-0.026512,0.009562,0.02871,0.009715,0.027068,19.441176,146.958824,1.0,0.009715,Низкой точности (20-50 мм)
WUHN,26,0.000781,0.002686,0.003438,0.006537,0.000712,0.013051,0.01499,0.005146,0.014115,4.115385,11.788462,0.0,0.005146,Пониженной точности (12-20 мм)
YAR2,33,-0.006561,0.006126,-0.004045,0.004958,-0.002742,0.008969,0.014326,0.006378,0.012876,21.818182,140.545455,0.939394,0.006378,Пониженной точности (12-20 мм)
YAR3,33,-0.006567,0.006715,-0.004667,0.006501,0.006152,0.008945,0.016285,0.006742,0.01487,23.515152,177.754545,1.0,0.006742,Пониженной точности (12-20 мм)
YARR,31,-0.006371,0.007018,-0.005048,0.004718,0.004771,0.008728,0.015214,0.005912,0.014058,23.483871,162.409677,0.870968,0.005912,Пониженной точности (12-20 мм)
YEBE,32,0.002469,0.001589,0.003269,0.003446,-0.006566,0.00558,0.01022,0.003554,0.009603,21.71875,144.85,1.0,0.003554,Средней точности (8-12 мм)
YEL2,33,0.005897,0.002481,0.005673,0.003254,0.017085,0.009134,0.021352,0.006879,0.020248,26.787879,209.318182,1.0,0.006879,Низкой точности (20-50 мм)
YELL,34,0.002803,0.002923,0.004671,0.003742,0.007976,0.008188,0.013428,0.005662,0.012215,24.558824,183.661765,1.0,0.005662,Пониженной точности (12-20 мм)
YKRO,27,0.006859,0.003176,0.001856,0.003383,0.000744,0.008252,0.011725,0.003322,0.011263,26.222222,203.47037,1.0,0.003322,Средней точности (8-12 мм)
ZAMB,19,-0.001763,0.003896,0.0001,0.002877,0.002779,0.008523,0.010082,0.003603,0.009453,27.157895,165.473684,1.0,0.003603,Средней точности (8-12 мм)
ZECK,34,0.002312,0.001855,0.000991,0.003349,-0.009026,0.004279,0.010936,0.00334,0.010429,24.411765,190.329412,1.0,0.00334,Средней точности (8-12 мм)
ZIM2,33,0.003218,0.003571,0.005133,0.004295,-0.005461,0.005869,0.011419,0.00439,0.01057,24.636364,187.015152,1.0,0.00439,Средней точности (8-12 мм)
ZIM3,28,0.004929,0.004003,0.008275,0.005989,-0.003757,0.007281,0.014427,0.005879,0.013221,24.142857,176.25,0.964286,0.005879,Пониженной точности (12-20 мм)
